id;from;to;text;where;number;nouns;determiners;conjuctions;adjectives;prepositions;pronouns;verbs;adverbes;undefined;time
1;SHUTTLE CAPTAIN;;Command station, this is ST 321. Code Clearance Blue. We're starting our approach. Deactivate the security shield.;2 INT IMPERIAL SHUTTLE - COCKPIT;17;0;0;0;0;0;0;0;0;0;
2;DEATH STAR CONTROLLER;;The security deflector shield will be deactivated when we have confirmation of your code transmission. Stand by... You are clear to proceed.;2 INT IMPERIAL SHUTTLE - COCKPIT;22;0;0;0;0;0;0;0;0;0;
3;SHUTTLE CAPTAIN;;We're starting our approach.;2 INT IMPERIAL SHUTTLE - COCKPIT;4;0;0;0;0;0;0;0;0;0;
4;OFFICER;;Inform the commander that Lord Vader's shuttle has arrived.;3 INT DEATH STAR - CONTROL ROOM;9;0;0;0;0;0;0;0;0;0;
5;DEATH STAR CONTROLLER;;Yes, sir.;3 INT DEATH STAR - CONTROL ROOM;2;0;0;0;0;0;0;0;0;0;
6;JERJERROD;;Lord Vader, this is an unexpected pleasure. We're honored by your presence.;4 INT DEATH STAR - MAIN DOCKING BAY;12;0;0;0;0;0;0;0;0;0;
7;DARTH VADER;;You may dispense with the pleasantries, Commander. I'm here to put you back on schedule.;4 INT DEATH STAR - MAIN DOCKING BAY;15;0;0;0;0;0;0;0;0;0;
8;JERJERROD;;I assure you, Lord Vader, my men are working as fast as they can.;4 INT DEATH STAR - MAIN DOCKING BAY;14;0;0;0;0;0;0;0;0;0;
9;DARTH VADER;;Perhaps I can find new ways to motivate them.;4 INT DEATH STAR - MAIN DOCKING BAY;9;0;0;0;0;0;0;0;0;0;
10;JERJERROD;;I tell you, this station will be operational as planned.;4 INT DEATH STAR - MAIN DOCKING BAY;10;0;0;0;0;0;0;0;0;0;
11;DARTH VADER;;The Emperor does not share your optimistic appraisal of the situation.;4 INT DEATH STAR - MAIN DOCKING BAY;11;0;0;0;0;0;0;0;0;0;
12;JERJERROD;;But he asks the impossible. I need more men.;4 INT DEATH STAR - MAIN DOCKING BAY;9;0;0;0;0;0;0;0;0;0;
13;DARTH VADER;;Then perhaps you can tell him when he arrives.;4 INT DEATH STAR - MAIN DOCKING BAY;9;0;0;0;0;0;0;0;0;0;
14;JERJERROD;;(aghast) The Emperor's coming here?;4 INT DEATH STAR - MAIN DOCKING BAY;4;0;0;0;0;0;0;0;0;0;
15;DARTH VADER;;That is correct, Commander. And he is most displeased with your apparent lack of progress.;4 INT DEATH STAR - MAIN DOCKING BAY;15;0;0;0;0;0;0;0;0;0;
16;JERJERROD;;We shall double our efforts.;4 INT DEATH STAR - MAIN DOCKING BAY;5;0;0;0;0;0;0;0;0;0;
17;DARTH VADER;;I hope so, Commander, for your sake. The Emperor is not as forgiving as I am.;4 INT DEATH STAR - MAIN DOCKING BAY;16;0;0;0;0;0;0;0;0;0;
18;THREEPIO;;Of course I'm worried. And you should be, too. Lando Calrissian and poor Chewbacca never returned from this awful place.;5 EXT ROAD TO JABBA'S PALACE - TATOOINE;20;0;0;0;0;0;0;0;0;0;
19;THREEPIO;;Don't be so sure. If I told you half the things I've heard about this Jabba the Hutt, you'd probably short-circuit.;5 EXT ROAD TO JABBA'S PALACE - TATOOINE;21;0;0;0;0;0;0;0;0;0;
20;THREEPIO;;Artoo, are you sure this is the right place? I better knock, I suppose.;5 EXT ROAD TO JABBA'S PALACE - TATOOINE;14;0;0;0;0;0;0;0;0;0;
21;THREEPIO;;(instantly) There doesn't seem to be anyone there. Let's go back and tell Master Luke.;6 EXT JABBA'S PALACE - GATE;14;0;0;0;0;0;0;0;0;0;
22;STRANGE VOICE;;Tee chuta hhat yudd!;6 EXT JABBA'S PALACE - GATE;4;0;0;0;0;0;0;0;0;0;
23;THREEPIO;;Goodness gracious me!;6 EXT JABBA'S PALACE - GATE;3;0;0;0;0;0;0;0;0;0;
24;THREEPIO;;Artoo Detoowha bo Seethreepiowha ey toota odd mischka Jabba du Hutt.;6 EXT JABBA'S PALACE - GATE;11;0;0;0;0;0;0;0;0;0;
25;THREEPIO;;I don't think they're going to let us in, Artoo. We'd better go.;6 EXT JABBA'S PALACE - GATE;13;0;0;0;0;0;0;0;0;0;
26;THREEPIO;;Artoo, wait. Oh, dear! Artoo. Artoo, I really don't think we should rush into all this.;6 EXT JABBA'S PALACE - GATE;16;0;0;0;0;0;0;0;0;0;
27;THREEPIO;;Oh, Artoo! Artoo, wait for me!;6 EXT JABBA'S PALACE - GATE;6;0;0;0;0;0;0;0;0;0;
28;THREEPIO;;Just you deliver Master Luke's message and get us out of here. Oh my! Oh! Oh, no.;6 EXT JABBA'S PALACE - GATE;17;0;0;0;0;0;0;0;0;0;
29;BIB;;Die Wanna Wanga!;6 EXT JABBA'S PALACE - GATE;3;0;0;0;0;0;0;0;0;0;
30;THREEPIO;;Oh, my! Die Wanna Wauaga. We -- we bring a message to your master, Jabba the Hutt.;6 EXT JABBA'S PALACE - GATE;17;0;0;0;0;0;0;0;0;0;
31;THREEPIO;;(cont) ...and a gift. (thinks a moment, then to Artoo) Gift, what gift?;6 EXT JABBA'S PALACE - GATE;3;0;0;0;0;0;0;0;0;0;
32;BIB;;Nee Jabba no badda. Me chaade su goodie.;6 EXT JABBA'S PALACE - GATE;8;0;0;0;0;0;0;0;0;0;
33;THREEPIO;;He says that our instructions are to give it only to Jabba himself.;6 EXT JABBA'S PALACE - GATE;13;0;0;0;0;0;0;0;0;0;
34;THREEPIO;;I'm terribly sorry. I'm afraid he's ever so stubborn about these sort of things.;6 EXT JABBA'S PALACE - GATE;14;0;0;0;0;0;0;0;0;0;
35;BIB;;Nudd Chaa.;6 EXT JABBA'S PALACE - GATE;2;0;0;0;0;0;0;0;0;0;
36;THREEPIO;;Artoo, I have a bad feeling about this.;6 EXT JABBA'S PALACE - GATE;8;0;0;0;0;0;0;0;0;0;
37;THREEPIO;;Good morning.;8 INT JABBA'S THRONE ROOM;2;0;0;0;0;0;0;0;0;0;
38;JABBA;;Bo Shuda!;8 INT JABBA'S THRONE ROOM;2;0;0;0;0;0;0;0;0;0;
39;THREEPIO;;The message, Artoo, the message.;8 INT JABBA'S THRONE ROOM;5;0;0;0;0;0;0;0;0;0;
40;LUKE;;Greetings, Exalted One. Allow me to introduce myself. I am Luke Skywalker, Jedi Knight and friend to Captain Solo. I know that you are powerful, mighty Jabba, and that your anger with Solo must be equally powerful. I seek an audience with Your Greatness to bargain for Solo's life. (Jabba's crowd laughs) With your wisdom, I'm sure that we can work out an arrangement which will be mutually beneficial and enable us to avoid any unpleasant confrontation. As a token of my goodwill, I present to you a gift: these two droids.;8 INT JABBA'S THRONE ROOM;89;0;0;0;0;0;0;0;0;0;
41;THREEPIO;;What did he say?;8 INT JABBA'S THRONE ROOM;4;0;0;0;0;0;0;0;0;0;
42;LUKE;;(cont) ... Both are hardworking and will serve you well.;8 INT JABBA'S THRONE ROOM;8;0;0;0;0;0;0;0;0;0;
43;THREEPIO;;This can't be! Artoo, you're playing the wrong message.;8 INT JABBA'S THRONE ROOM;9;0;0;0;0;0;0;0;0;0;
44;JABBA;;(in Huttese subtitled) There will be no bargain.;8 INT JABBA'S THRONE ROOM;5;0;0;0;0;0;0;0;0;0;
45;THREEPIO;;We're doomed.;8 INT JABBA'S THRONE ROOM;2;0;0;0;0;0;0;0;0;0;
46;JABBA;;(in Huttese subtitled) I will not give up my favorite decoration. I like Captain Solo where he is.;8 INT JABBA'S THRONE ROOM;15;0;0;0;0;0;0;0;0;0;
47;THREEPIO;;Artoo, look! Captain Solo. And he's still frozen in carbonite.;8 INT JABBA'S THRONE ROOM;10;0;0;0;0;0;0;0;0;0;
48;THREEPIO;;What could possibly have come over Master Luke. Is it something I did? He never expressed any unhappiness with my work. Oh! Oh! Hold it! Ohh!;8 INT JABBA'S THRONE ROOM;26;0;0;0;0;0;0;0;0;0;
49;NINEDENINE;;Ah, good. New acquisitions. You are a protocol droid, are you not?;8 INT JABBA'S THRONE ROOM;12;0;0;0;0;0;0;0;0;0;
50;THREEPIO;;I am See-Threepio, human-cy...;8 INT JABBA'S THRONE ROOM;4;0;0;0;0;0;0;0;0;0;
51;NINEDENINE;;Yes or no will do.;8 INT JABBA'S THRONE ROOM;5;0;0;0;0;0;0;0;0;0;
52;THREEPIO;;Oh. Well, yes.;8 INT JABBA'S THRONE ROOM;3;0;0;0;0;0;0;0;0;0;
53;NINEDENINE;;How many languages do you speak?;8 INT JABBA'S THRONE ROOM;6;0;0;0;0;0;0;0;0;0;
54;THREEPIO;;I am fluent in over six million forms of communication, and can readily...;8 INT JABBA'S THRONE ROOM;13;0;0;0;0;0;0;0;0;0;
55;NINEDENINE;;Splendid! We have been without an interpreter since our master got angry with our last protocol droid and disintegrated him.;8 INT JABBA'S THRONE ROOM;20;0;0;0;0;0;0;0;0;0;
56;THREEPIO;;Disintegrated?;8 INT JABBA'S THRONE ROOM;1;0;0;0;0;0;0;0;0;0;
57;NINEDENINE;;(to a Gamorrean guard) Guard! This protocol droid might be useful. Fit him with a restraining bolt and take him back to His Excellency's main audience chamber.;8 INT JABBA'S THRONE ROOM;23;0;0;0;0;0;0;0;0;0;
58;THREEPIO;;(disappearing) Artoo, don't leave me! Ohhh!;8 INT JABBA'S THRONE ROOM;5;0;0;0;0;0;0;0;0;0;
59;NINEDENINE;;You're a feisty little one, but you'll soon learn some respect. I have need for you on the master's Sail Barge. And I think you'll fit in nicely.;8 INT JABBA'S THRONE ROOM;28;0;0;0;0;0;0;0;0;0;
60;JABBA;;Da Eitha!;11 INT JABBA'S THRONE ROOM;2;0;0;0;0;0;0;0;0;0;
61;OOLA;;Na Chuba negatorie Na! Na! Natoota...;11 INT JABBA'S THRONE ROOM;6;0;0;0;0;0;0;0;0;0;
62;JABBA;;Boscka!;11 INT JABBA'S THRONE ROOM;1;0;0;0;0;0;0;0;0;0;
63;BOUSHH;;(in Ubese subtitled) I have come for the bounty on this Wookiee.;11 INT JABBA'S THRONE ROOM;9;0;0;0;0;0;0;0;0;0;
64;THREEPIO;;Oh, no! Chewbacca!;11 INT JABBA'S THRONE ROOM;3;0;0;0;0;0;0;0;0;0;
65;JABBA;;(in Huttese subtitled) At last we have the mighty Chewbacca.;11 INT JABBA'S THRONE ROOM;7;0;0;0;0;0;0;0;0;0;
66;THREEPIO;;Oh, uh, yes, uh, I am here, Your Worshipfulness. Uh... yes!;11 INT JABBA'S THRONE ROOM;11;0;0;0;0;0;0;0;0;0;
67;THREEPIO;;Oh. The illustrious Jabba bids you welcome and will gladly pay you the reward of twenty-five thousand.;11 INT JABBA'S THRONE ROOM;17;0;0;0;0;0;0;0;0;0;
68;BOUSHH;;(in Ubese subtitled) I want fifty thousand. No less.;11 INT JABBA'S THRONE ROOM;6;0;0;0;0;0;0;0;0;0;
69;THREEPIO;;Uh, oh... but what, what did I say? (to Boushh) Uh, the mighty Jabba asks why he must pay fifty thousand.;11 INT JABBA'S THRONE ROOM;19;0;0;0;0;0;0;0;0;0;
70;THREEPIO;;Because he's holding a thermal detonator.;11 INT JABBA'S THRONE ROOM;6;0;0;0;0;0;0;0;0;0;
71;JABBA;;(in Huttese subtitled) This bounty hunter is my kind of scum. Fearless and inventive.;11 INT JABBA'S THRONE ROOM;11;0;0;0;0;0;0;0;0;0;
72;THREEPIO;;Jabba offers the sum of thirty-five. And I suggest you take it.;11 INT JABBA'S THRONE ROOM;12;0;0;0;0;0;0;0;0;0;
73;BOUSHH;;Zeebuss.;11 INT JABBA'S THRONE ROOM;1;0;0;0;0;0;0;0;0;0;
74;THREEPIO;;He agrees!;11 INT JABBA'S THRONE ROOM;2;0;0;0;0;0;0;0;0;0;
75;BOUSHH;;Just relax for a moment. You're free of the carbonite.;14 INT JABBA'S THRONE ROOM - NIGHT;10;0;0;0;0;0;0;0;0;0;
76;BOUSHH;;Shhh. You have hibernation sickness.;14 INT JABBA'S THRONE ROOM - NIGHT;5;0;0;0;0;0;0;0;0;0;
77;HAN;;I can't see.;14 INT JABBA'S THRONE ROOM - NIGHT;3;0;0;0;0;0;0;0;0;0;
78;BOUSHH;;Your eyesight will return in time.;14 INT JABBA'S THRONE ROOM - NIGHT;6;0;0;0;0;0;0;0;0;0;
79;HAN;;Where am I?;14 INT JABBA'S THRONE ROOM - NIGHT;3;0;0;0;0;0;0;0;0;0;
80;BOUSHH;;Jabba's palace.;14 INT JABBA'S THRONE ROOM - NIGHT;2;0;0;0;0;0;0;0;0;0;
81;HAN;;Who are you?;14 INT JABBA'S THRONE ROOM - NIGHT;3;0;0;0;0;0;0;0;0;0;
82;LEIA;;Someone who loves you.;14 INT JABBA'S THRONE ROOM - NIGHT;4;0;0;0;0;0;0;0;0;0;
83;HAN;;Leia!;14 INT JABBA'S THRONE ROOM - NIGHT;1;0;0;0;0;0;0;0;0;0;
84;LEIA;;I gotta get you out of here.;14 INT JABBA'S THRONE ROOM - NIGHT;7;0;0;0;0;0;0;0;0;0;
85;HAN;;What's that? I know that laugh.;14 INT JABBA'S THRONE ROOM - NIGHT;6;0;0;0;0;0;0;0;0;0;
86;HAN;;Hey, Jabba. Look, Jabba, I was just on my way to pay you back, but I got a little sidetracked. It's not my fault.;14 INT JABBA'S THRONE ROOM - NIGHT;24;0;0;0;0;0;0;0;0;0;
87;JABBA;;(in Huttese subtitled) It's too late for that, Solo. You may have been a good smuggler, but now you're Bantha fodder.;14 INT JABBA'S THRONE ROOM - NIGHT;18;0;0;0;0;0;0;0;0;0;
88;HAN;;Look...;14 INT JABBA'S THRONE ROOM - NIGHT;1;0;0;0;0;0;0;0;0;0;
89;JABBA;;(cont Huttese subtitled) Take him away!;14 INT JABBA'S THRONE ROOM - NIGHT;3;0;0;0;0;0;0;0;0;0;
90;HAN;;Jabba... I'll pay you triple! You're throwing away a fortune here. Don't be a fool!;14 INT JABBA'S THRONE ROOM - NIGHT;15;0;0;0;0;0;0;0;0;0;
91;JABBA;;(in Huttese subtitled) Bring her to me.;14 INT JABBA'S THRONE ROOM - NIGHT;4;0;0;0;0;0;0;0;0;0;
92;LEIA;;We have powerful friends. You're gonna regret this...;14 INT JABBA'S THRONE ROOM - NIGHT;8;0;0;0;0;0;0;0;0;0;
93;JABBA;;(in Huttese subtitled) I'm sure.;14 INT JABBA'S THRONE ROOM - NIGHT;2;0;0;0;0;0;0;0;0;0;
94;LEIA;;Ugh!;14 INT JABBA'S THRONE ROOM - NIGHT;1;0;0;0;0;0;0;0;0;0;
95;THREEPIO;;Ohhh, I can't bear to watch.;14 INT JABBA'S THRONE ROOM - NIGHT;6;0;0;0;0;0;0;0;0;0;
96;HAN;;Chewie? Chewie, is that you?;15 INT DUNGEON CELL;5;0;0;0;0;0;0;0;0;0;
97;HAN;;Ah! Chew--Chewie!;15 INT DUNGEON CELL;2;0;0;0;0;0;0;0;0;0;
98;HAN;;Wait. I can't see, pal. What's goin' on?;15 INT DUNGEON CELL;8;0;0;0;0;0;0;0;0;0;
99;HAN;;Luke? Luke's crazy. He can't even take care of himself, much less rescue anybody.;15 INT DUNGEON CELL;14;0;0;0;0;0;0;0;0;0;
100;HAN;;A...Jedi Knight? I--I'm out of it for a little while, everybody gets delusions of grandeur.;15 INT DUNGEON CELL;16;0;0;0;0;0;0;0;0;0;
101;HAN;;I'm all right, pal. I'm all right.;15 INT DUNGEON CELL;7;0;0;0;0;0;0;0;0;0;
102;LUKE;;I must speak with Jabba.;16 INT MAIN GATE AND HALL - JABBA'S PALACE;5;0;0;0;0;0;0;0;0;0;
103;LUKE;;You will take me to Jabba now!;16 INT MAIN GATE AND HALL - JABBA'S PALACE;7;0;0;0;0;0;0;0;0;0;
104;LUKE;;You serve your master well.;16 INT MAIN GATE AND HALL - JABBA'S PALACE;5;0;0;0;0;0;0;0;0;0;
105;LUKE;;And you will be rewarded.;16 INT MAIN GATE AND HALL - JABBA'S PALACE;5;0;0;0;0;0;0;0;0;0;
106;THREEPIO;;At last! Master Luke's come to rescue me.;17 INT JABBA'S THRONE ROOM;8;0;0;0;0;0;0;0;0;0;
107;BIB;;Master.;17 INT JABBA'S THRONE ROOM;1;0;0;0;0;0;0;0;0;0;
108;BIB;;...Luke Skywalker, Jedi Knight.;17 INT JABBA'S THRONE ROOM;4;0;0;0;0;0;0;0;0;0;
109;JABBA;;(in Huttese subtitled) I told you not to admit him.;17 INT JABBA'S THRONE ROOM;7;0;0;0;0;0;0;0;0;0;
110;LUKE;;I must be allowed to speak.;17 INT JABBA'S THRONE ROOM;6;0;0;0;0;0;0;0;0;0;
111;BIB;;(in Huttese subtitled) He must be allowed to speak.;17 INT JABBA'S THRONE ROOM;6;0;0;0;0;0;0;0;0;0;
112;JABBA;;(in Huttese subtitled) You weak-minded fool! He's using an old Jedi mind trick.;17 INT JABBA'S THRONE ROOM;10;0;0;0;0;0;0;0;0;0;
113;LUKE;;You will bring Captain Solo and the Wookiee to me.;17 INT JABBA'S THRONE ROOM;10;0;0;0;0;0;0;0;0;0;
114;JABBA;;(in Huttese subtitled) Your mind powers will not work on me, boy.;17 INT JABBA'S THRONE ROOM;9;0;0;0;0;0;0;0;0;0;
115;LUKE;;Nevertheless, I'm taking Captain Solo and his friends. You can either profit by this... or be destroyed! It's your choice. But I warn you not to underestimate my powers.;17 INT JABBA'S THRONE ROOM;29;0;0;0;0;0;0;0;0;0;
116;THREEPIO;;Master Luke, you're standing on...;17 INT JABBA'S THRONE ROOM;5;0;0;0;0;0;0;0;0;0;
117;JABBA;;(in Huttese subtitled) There will be no bargain, young Jedi. I shall enjoy watching you die.;17 INT JABBA'S THRONE ROOM;13;0;0;0;0;0;0;0;0;0;
118;JABBA;;Bascka!;17 INT JABBA'S THRONE ROOM;1;0;0;0;0;0;0;0;0;0;
119;THREEPIO;;Oh, no! The Rancor!;18 INT RANCOR PIT;4;0;0;0;0;0;0;0;0;0;
120;JABBA;;(in Huttese subtitled) Bring me Solo and the Wookiee. They will all suffer for this outrage.;19 HOLDING TUNNEL - RANCOR PIT;13;0;0;0;0;0;0;0;0;0;
121;LUKE;;Han!;22 INT THRONE ROOM;1;0;0;0;0;0;0;0;0;0;
122;HAN;;Luke!;22 INT THRONE ROOM;1;0;0;0;0;0;0;0;0;0;
123;LUKE;;Are you all right?;22 INT THRONE ROOM;4;0;0;0;0;0;0;0;0;0;
124;HAN;;Fine. Together again, huh?;22 INT THRONE ROOM;4;0;0;0;0;0;0;0;0;0;
125;LUKE;;Wouldn't miss it.;22 INT THRONE ROOM;3;0;0;0;0;0;0;0;0;0;
126;HAN;;How are we doing?;22 INT THRONE ROOM;4;0;0;0;0;0;0;0;0;0;
127;LUKE;;The same as always.;22 INT THRONE ROOM;4;0;0;0;0;0;0;0;0;0;
128;HAN;;That bad, huh? Where's Leia?;22 INT THRONE ROOM;5;0;0;0;0;0;0;0;0;0;
129;LEIA;;I'm here.;22 INT THRONE ROOM;2;0;0;0;0;0;0;0;0;0;
130;THREEPIO;;Oh, dear. His High Exaltedness, the great Jabba the Hutt, has decreed that you are to be terminated immediately.;22 INT THRONE ROOM;19;0;0;0;0;0;0;0;0;0;
131;HAN;;Good, I hate long waits.;22 INT THRONE ROOM;5;0;0;0;0;0;0;0;0;0;
132;THREEPIO;;You will therefore be taken to the Dune Sea and cast into the pit of Carkoon, the nesting place of the all-powerful Sarlacc.;22 INT THRONE ROOM;23;0;0;0;0;0;0;0;0;0;
133;HAN;;(to Luke) Doesn't sound so bad.;22 INT THRONE ROOM;4;0;0;0;0;0;0;0;0;0;
134;THREEPIO;;In his belly, you will find a new definition of pain and suffering, as you are slowly digested over a thousand years.;22 INT THRONE ROOM;22;0;0;0;0;0;0;0;0;0;
135;HAN;;On second thought, let's pass on that, huh?;22 INT THRONE ROOM;8;0;0;0;0;0;0;0;0;0;
136;LUKE;;You should have bargained, Jabba. That's the last mistake you'll ever make.;22 INT THRONE ROOM;12;0;0;0;0;0;0;0;0;0;
137;HAN;;I think my eyes are getting better. Instead of a big dark blur, I see a big light blur.;23 EXT TATOOINE SEA - SKIFF;19;0;0;0;0;0;0;0;0;0;
138;LUKE;;There's nothing to see. I used to live here, you know.;23 EXT TATOOINE SEA - SKIFF;11;0;0;0;0;0;0;0;0;0;
139;HAN;;You're gonna die here, you know. Convenient.;23 EXT TATOOINE SEA - SKIFF;7;0;0;0;0;0;0;0;0;0;
140;LUKE;;Just stick close to Chewie and Lando. I've taken care of everything.;23 EXT TATOOINE SEA - SKIFF;12;0;0;0;0;0;0;0;0;0;
141;HAN;;Oh... great!;23 EXT TATOOINE SEA - SKIFF;2;0;0;0;0;0;0;0;0;0;
142;JABBA;;(in Huttese subtitled) Soon you will learn to appreciate me.;24 INT BARGE OBSERVATION DECK;7;0;0;0;0;0;0;0;0;0;
143;THREEPIO;;Oh, I'm terribly sor... Artoo! What are you doing here?;24 INT BARGE OBSERVATION DECK;10;0;0;0;0;0;0;0;0;0;
144;THREEPIO;;Well, I can see you're serving drinks, but this place is dangerous. They're going to execute Master Luke and, if we're not careful, us too!;24 INT BARGE OBSERVATION DECK;25;0;0;0;0;0;0;0;0;0;
145;THREEPIO;;Hmm. I wish I had your confidence.;24 INT BARGE OBSERVATION DECK;7;0;0;0;0;0;0;0;0;0;
146;THREEPIO;;Victims of the almighty Sarlacc: His Excellency hopes that you will die honorably. But should any of you wish to beg for mercy, the great Jabba the Hutt will now listen to your pleas.;26 EXT SAIL BARGE OBSERVATION DECK;34;0;0;0;0;0;0;0;0;0;
147;HAN;;Threepio, you tell that slimy piece of... worm-ridden filth he'll get no such pleasure from us. Right?;27 EXT SKIFF;17;0;0;0;0;0;0;0;0;0;
148;LUKE;;Jabba! This is your last chance. Free us or die.;27 EXT SKIFF;10;0;0;0;0;0;0;0;0;0;
149;JABBA;;(in Huttese subtitled) Move him into position.;28 INT SAIL BARGE OBSERVATION DECK;4;0;0;0;0;0;0;0;0;0;
150;JABBA;;(in Huttese subtitled) Put him in.;29 EXT BARGE - UPPER DECK;3;0;0;0;0;0;0;0;0;0;
151;LUKE;;Easy, Chewie.;33 EXT SKIFF;2;0;0;0;0;0;0;0;0;0;
152;LANDO;;Whoa! Whoa! Help!;33 EXT SKIFF;3;0;0;0;0;0;0;0;0;0;
153;HAN;;Chewie, you okay? Where is he?;35 EXT SKIFF;6;0;0;0;0;0;0;0;0;0;
154;HAN;;I'm okay, pal.;35 EXT SKIFF;3;0;0;0;0;0;0;0;0;0;
155;LANDO;;Han! Chewie?;35 EXT SKIFF;2;0;0;0;0;0;0;0;0;0;
156;HAN;;Lando!;35 EXT SKIFF;1;0;0;0;0;0;0;0;0;0;
157;HAN;;Boba Fett?! Boba Fett?! Where?;35 EXT SKIFF;5;0;0;0;0;0;0;0;0;0;
158;HAN;;Lando, grab it!;37 EXT SKIFF;3;0;0;0;0;0;0;0;0;0;
159;LANDO;;Lower it!;37 EXT SKIFF;2;0;0;0;0;0;0;0;0;0;
160;HAN;;I'm trying!;37 EXT SKIFF;2;0;0;0;0;0;0;0;0;0;
161;HAN;;Whoa! Whoa! Grab me, Chewie! I'm slipping.;37 EXT SKIFF;7;0;0;0;0;0;0;0;0;0;
162;HAN;;Grab it! L--Lando. Grab!;37 EXT SKIFF;4;0;0;0;0;0;0;0;0;0;
163;HAN;;Grab it! Almost... You almost got it!;37 EXT SKIFF;7;0;0;0;0;0;0;0;0;0;
164;LANDO;;Hold it! Whoa!;37 EXT SKIFF;3;0;0;0;0;0;0;0;0;0;
165;HAN;;Gently now. All... all right. Now easy, easy. Hold me, Chewie.;37 EXT SKIFF;11;0;0;0;0;0;0;0;0;0;
166;HAN;;Chewie! Chewie, give me the gun. Don't move, Lando.;37 EXT SKIFF;9;0;0;0;0;0;0;0;0;0;
167;LANDO;;No, wait! I thought you were blind!;37 EXT SKIFF;7;0;0;0;0;0;0;0;0;0;
168;HAN;;It's all right. Trust me. Don't move.;37 EXT SKIFF;7;0;0;0;0;0;0;0;0;0;
169;LANDO;;All right! A little higher! Just a little higher!;37 EXT SKIFF;9;0;0;0;0;0;0;0;0;0;
170;HAN;;Chewie, Pull us up! Come on! Okay... up, Chewie, up!;37 EXT SKIFF;10;0;0;0;0;0;0;0;0;0;
171;LEIA;;Come on. We gotta get out of here quick.;39 INT SAIL BARGE - OBSERVATION DECK;9;0;0;0;0;0;0;0;0;0;
172;THREEPIO;;Not my eyes! Artoo, help! Quickly, Artoo. Oh! Ohhh! You beast!;39 INT SAIL BARGE - OBSERVATION DECK;11;0;0;0;0;0;0;0;0;0;
173;LUKE;;(to Leia) Get the gun! Point it at the deck!;40 EXT UPPER DECK - SAIL BARGE;8;0;0;0;0;0;0;0;0;0;
174;LUKE;;Point it at the deck!;40 EXT UPPER DECK - SAIL BARGE;5;0;0;0;0;0;0;0;0;0;
175;THREEPIO;;Artoo, where are we going? I couldn't possibly jump.;40 EXT UPPER DECK - SAIL BARGE;9;0;0;0;0;0;0;0;0;0;
176;LUKE;;Come on!;40 EXT UPPER DECK - SAIL BARGE;2;0;0;0;0;0;0;0;0;0;
177;LUKE;;Let's go! And don't forget the droids.;41 EXT SKIFF;7;0;0;0;0;0;0;0;0;0;
178;LANDO;;We're on our way.;41 EXT SKIFF;4;0;0;0;0;0;0;0;0;0;
179;HAN;;I don't know. All I can see is a lot of blowing sand!;44 EXT DUNE SEA - LANDING AREA;13;0;0;0;0;0;0;0;0;0;
180;LEIA;;That's all any of us can see.;44 EXT DUNE SEA - LANDING AREA;7;0;0;0;0;0;0;0;0;0;
181;HAN;;(blinking) Then I guess I'm getting better.;44 EXT DUNE SEA - LANDING AREA;6;0;0;0;0;0;0;0;0;0;
182;HAN;;(turning to Luke) I've got to hand it to you, kid, you were pretty good out there.;44 EXT DUNE SEA - LANDING AREA;14;0;0;0;0;0;0;0;0;0;
183;LUKE;;(shrugging it off) I had a lot of help. Think nothing of it.;44 EXT DUNE SEA - LANDING AREA;10;0;0;0;0;0;0;0;0;0;
184;HAN;;No, I'm thinking a lot about it. That carbon freeze was the closest thing to dead there is. And it wasn't just sleepin'. It was a big wide awake nothing!;44 EXT DUNE SEA - LANDING AREA;30;0;0;0;0;0;0;0;0;0;
185;LUKE;;(moving to his ship) I'll see you back at the fleet.;44 EXT DUNE SEA - LANDING AREA;7;0;0;0;0;0;0;0;0;0;
186;HAN;;Why don't you leave that crate and come with us?;44 EXT DUNE SEA - LANDING AREA;10;0;0;0;0;0;0;0;0;0;
187;LUKE;;I have a promise I have to keep first... to an old friend.;44 EXT DUNE SEA - LANDING AREA;13;0;0;0;0;0;0;0;0;0;
188;HAN;;(looking dubiously at Lando, obviously remembering his friend's betrayal and subsequent aide) Guess I owe you some thanks, too, Lando.;44 EXT DUNE SEA - LANDING AREA;8;0;0;0;0;0;0;0;0;0;
189;LANDO;;Figured if I left you frozen like that you'd just give me bad luck the rest of my life, so I might as well get you unfrozen sooner or later.;44 EXT DUNE SEA - LANDING AREA;30;0;0;0;0;0;0;0;0;0;
190;LEIA;;"He means ""You're welcome.""";44 EXT DUNE SEA - LANDING AREA;5;0;0;0;0;0;0;0;0;0;
191;LANDO;;Come on, let's get off this miserable dust ball.;44 EXT DUNE SEA - LANDING AREA;9;0;0;0;0;0;0;0;0;0;
192;LUKE;;I'll meet you back at the fleet.;45 INT X-WING - COCKPIT;7;0;0;0;0;0;0;0;0;0;
193;LEIA;;(over comlink) Hurry. The Alliance should be assembled by now.;45 INT X-WING - COCKPIT;8;0;0;0;0;0;0;0;0;0;
194;LUKE;;I will.;45 INT X-WING - COCKPIT;2;0;0;0;0;0;0;0;0;0;
195;HAN;;(over comlink) Hey, Luke, thanks. Thanks for comin' after me. Now I owe you one.;45 INT X-WING - COCKPIT;13;0;0;0;0;0;0;0;0;0;
196;LUKE;;That's right, Artoo. We're going to the Dagobah system. I have a promise to keep... to an old friend.;45 INT X-WING - COCKPIT;19;0;0;0;0;0;0;0;0;0;
197;EMPEROR;;(to Vader) Rise, my friend.;48 INT DOCKING BAY - DEATH STAR;3;0;0;0;0;0;0;0;0;0;
198;DARTH VADER;;The Death Star will be completed on schedule.;48 INT DOCKING BAY - DEATH STAR;8;0;0;0;0;0;0;0;0;0;
199;EMPEROR;;You have done well, Lord Vader. And now I sense you wish to continue your search for young Skywalker.;48 INT DOCKING BAY - DEATH STAR;19;0;0;0;0;0;0;0;0;0;
200;DARTH VADER;;Yes, my Master.;48 INT DOCKING BAY - DEATH STAR;3;0;0;0;0;0;0;0;0;0;
201;EMPEROR;;Patience, my friend. In time he will seek you out. And when he does, you must bring him before me. He has grown strong. Only together can we turn him to the dark side of the Force.;48 INT DOCKING BAY - DEATH STAR;37;0;0;0;0;0;0;0;0;0;
202;DARTH VADER;;As you wish.;48 INT DOCKING BAY - DEATH STAR;3;0;0;0;0;0;0;0;0;0;
203;EMPEROR;;Everything is proceeding as I have foreseen.;48 INT DOCKING BAY - DEATH STAR;7;0;0;0;0;0;0;0;0;0;
204;YODA;;Hmm. That face you make. Look I so old to young eyes?;50 INT YODA'S HOUSE;12;0;0;0;0;0;0;0;0;0;
205;LUKE;;No... of course not.;50 INT YODA'S HOUSE;4;0;0;0;0;0;0;0;0;0;
206;YODA;;(tickled, chuckles) I do, yes, I do! Sick have I become. Old and weak. (Points a crooked finger) When nine hundred years old you reach, look as good you will not. Hmm?;50 INT YODA'S HOUSE;14;0;0;0;0;0;0;0;0;0;
207;YODA;;Soon will I rest. Yes, forever sleep. Earned it, I have.;50 INT YODA'S HOUSE;11;0;0;0;0;0;0;0;0;0;
208;LUKE;;Master Yoda, you can't die.;50 INT YODA'S HOUSE;5;0;0;0;0;0;0;0;0;0;
209;YODA;;Strong am I with the Force... but not that strong! Twilight is upon me and soon night must fall. That is the way of things... the way of the Force.;50 INT YODA'S HOUSE;30;0;0;0;0;0;0;0;0;0;
210;LUKE;;But I need your help. I've come back to complete the training.;50 INT YODA'S HOUSE;12;0;0;0;0;0;0;0;0;0;
211;YODA;;No more training do you require. Already know you that which you need.;50 INT YODA'S HOUSE;13;0;0;0;0;0;0;0;0;0;
212;LUKE;;Then I am a Jedi?;50 INT YODA'S HOUSE;5;0;0;0;0;0;0;0;0;0;
213;YODA;;(shakes his head) Ohhh. Not yet. One thing remains: Vader. You must confront Vader. Then, only then, a Jedi will you be. And confront him you will.;50 INT YODA'S HOUSE;24;0;0;0;0;0;0;0;0;0;
214;LUKE;;Master Yoda... is Darth Vader my father?;50 INT YODA'S HOUSE;7;0;0;0;0;0;0;0;0;0;
215;YODA;;Mmm... rest I need. Yes... rest.;50 INT YODA'S HOUSE;6;0;0;0;0;0;0;0;0;0;
216;LUKE;;Yoda, I must know.;50 INT YODA'S HOUSE;4;0;0;0;0;0;0;0;0;0;
217;YODA;;Your father he is.;50 INT YODA'S HOUSE;4;0;0;0;0;0;0;0;0;0;
218;YODA;;Told you, did he?;50 INT YODA'S HOUSE;4;0;0;0;0;0;0;0;0;0;
219;LUKE;;Yes.;50 INT YODA'S HOUSE;1;0;0;0;0;0;0;0;0;0;
220;YODA;;Unexpected this is, and unfortunate...;50 INT YODA'S HOUSE;5;0;0;0;0;0;0;0;0;0;
221;LUKE;;Unfortunate that I know the truth?;50 INT YODA'S HOUSE;6;0;0;0;0;0;0;0;0;0;
222;YODA;;(gathering all his strength) No. Unfortunate that you rushed to face him... that incomplete was your training. Not ready for the burden were you.;50 INT YODA'S HOUSE;20;0;0;0;0;0;0;0;0;0;
223;LUKE;;Well, I'm sorry.;50 INT YODA'S HOUSE;3;0;0;0;0;0;0;0;0;0;
224;YODA;;Remember, a Jedi's strength flows from the Force. But beware. Anger, fear, aggression. The dark side are they. Once you start down the dark path, forever will it dominate your destiny.;50 INT YODA'S HOUSE;31;0;0;0;0;0;0;0;0;0;
225;YODA;;Luke...Luke...Do not...Do not underestimate the powers of the Emperor, or suffer your father's fate, you will. Luke, when gone am I (cough), the last of the Jedi will you be. Luke, the Force runs strong in your family. Pass on what you have learned, Luke... (with great effort) There is...another...Sky...Sky...walker.;50 INT YODA'S HOUSE;30;0;0;0;0;0;0;0;0;0;
226;LUKE;;I can't do it, Artoo. I can't go on alone.;50 INT YODA'S HOUSE;10;0;0;0;0;0;0;0;0;0;
227;OBI-WAN;;(OS) Yoda will always be with you.;50 INT YODA'S HOUSE;6;0;0;0;0;0;0;0;0;0;
228;LUKE;;Obi-Wan! Why didn't you tell me?;50 INT YODA'S HOUSE;6;0;0;0;0;0;0;0;0;0;
229;LUKE;;You told me Vader betrayed and murdered my father.;50 INT YODA'S HOUSE;9;0;0;0;0;0;0;0;0;0;
230;OBI-WAN;;You father was seduced by the dark side of the Force. He ceased to be Anakin Skywalker and became Darth Vader. When that happened, the good man who was your father was destroyed. So what I have told you was true... from a certain point of view.;50 INT YODA'S HOUSE;47;0;0;0;0;0;0;0;0;0;
231;LUKE;;(turning away, derisive) A certain point of view!;50 INT YODA'S HOUSE;5;0;0;0;0;0;0;0;0;0;
232;OBI-WAN;;Luke, you're going to find that many of the truths we cling to depend greatly on our own point of view.;50 INT YODA'S HOUSE;21;0;0;0;0;0;0;0;0;0;
233;OBI-WAN;;I don't blame you for being angry. If I was wrong in what I did, it certainly wouldn't have been for the first time. You see, what happened to your father was my fault.;50 INT YODA'S HOUSE;34;0;0;0;0;0;0;0;0;0;
234;OBI-WAN;;Anakin was a good friend.;50 INT YODA'S HOUSE;5;0;0;0;0;0;0;0;0;0;
235;OBI-WAN;;When I first knew him, your father was already a great pilot. But I was amazed how strongly the Force was with him. I took it upon myself to train him as a Jedi. I thought that I could instruct him just as well as Yoda. I was wrong. My pride has had terrible consequences for the galaxy.;50 INT YODA'S HOUSE;58;0;0;0;0;0;0;0;0;0;
236;LUKE;;There's still good in him.;50 INT YODA'S HOUSE;5;0;0;0;0;0;0;0;0;0;
237;OBI-WAN;;I also thought he could be turned back to the good side. It couldn't be done. He is more machine now than man. Twisted and evil.;50 INT YODA'S HOUSE;26;0;0;0;0;0;0;0;0;0;
238;LUKE;;I can't do it, Ben.;50 INT YODA'S HOUSE;5;0;0;0;0;0;0;0;0;0;
239;OBI-WAN;;You cannot escape your destiny.;50 INT YODA'S HOUSE;5;0;0;0;0;0;0;0;0;0;
240;LUKE;;I tried to stop him once. I couldn't do it.;50 INT YODA'S HOUSE;10;0;0;0;0;0;0;0;0;0;
241;OBI-WAN;;Vader humbled you when first you met him, Luke... but that experience was part of your training. It taught you, among other things, the value of patience. Had you not been so impatient to defeat Vader then, you could have finished your training here with Yoda. You would have been prepared.;50 INT YODA'S HOUSE;51;0;0;0;0;0;0;0;0;0;
242;LUKE;;But I had to help my friends.;50 INT YODA'S HOUSE;7;0;0;0;0;0;0;0;0;0;
243;OBI-WAN;;(grinning at Luke's indignation) And did you help them? It was they who had to save you. You achieved little by rushing back prematurely, I fear.;50 INT YODA'S HOUSE;22;0;0;0;0;0;0;0;0;0;
244;LUKE;;(with sadness) I found out Darth Vader was my father.;50 INT YODA'S HOUSE;8;0;0;0;0;0;0;0;0;0;
245;OBI-WAN;;To be a Jedi, Luke, you must confront and then go beyond the dark side - the side your father couldn't get past. Impatience is the easiest door - for you, like your father. Only, your father was seduced by what he found on the other side of the door, and you have held firm. You're no longer so reckless now, Luke. You are strong and patient. And now, you must face Darth Vader again!;50 INT YODA'S HOUSE;75;0;0;0;0;0;0;0;0;0;
246;LUKE;;I can't kill my own father.;50 INT YODA'S HOUSE;6;0;0;0;0;0;0;0;0;0;
247;OBI-WAN;;Then the Emperor has already won. You were our only hope.;50 INT YODA'S HOUSE;11;0;0;0;0;0;0;0;0;0;
248;LUKE;;Yoda spoke of another.;50 INT YODA'S HOUSE;4;0;0;0;0;0;0;0;0;0;
249;OBI-WAN;;The other he spoke of is your twin sister.;50 INT YODA'S HOUSE;9;0;0;0;0;0;0;0;0;0;
250;LUKE;;But I have no sister.;50 INT YODA'S HOUSE;5;0;0;0;0;0;0;0;0;0;
251;OBI-WAN;;Hmm. To protect you both from the Emperor, you were hidden from your father when you were born. The Emperor knew, as I did, if Anakin were to have any offspring, they would be a threat to him. That is the reason why your sister remains safely anonymous.;50 INT YODA'S HOUSE;48;0;0;0;0;0;0;0;0;0;
252;LUKE;;Leia! Leia's my sister.;50 INT YODA'S HOUSE;4;0;0;0;0;0;0;0;0;0;
253;OBI-WAN;;Your insight serves you well. Bury your feelings deep down, Luke. They do you credit. But they could be made to serve the Emperor.;50 INT YODA'S HOUSE;24;0;0;0;0;0;0;0;0;0;
254;OBI-WAN;;(continuing his narrative) When your father left, he didn't know your mother was pregnant. Your mother and I knew he would find out eventually, but we wanted to keep you both as safe as possible, for as long as possible. So I took you to live with my brother Owen on Tatooine... and your mother took Leia to live as the daughter of Senator Organa, on Alderaan.;50 INT YODA'S HOUSE;64;0;0;0;0;0;0;0;0;0;
255;OBI-WAN;;(attempting to give solace with his words) The Organa household was high-born and politically quite powerful in that system. Leia became a princess by virtue of lineage... no one knew she'd been adopted, of course. But it was a title without real power, since Alderaan had long been a democracy. Even so, the family continued to be politically powerful, and Leia, following in her foster father's path, became a senator as well. That's not all she became, of course... she became the leader of her cell in the Alliance against the corrupt Empire. And because she had diplomatic immunity, she was a vital link for getting information to the Rebel cause. That's what she was doing when her path crossed yours... for her foster parents had always told her to contact me on Tatooine, if her troubles became desperate.;50 INT YODA'S HOUSE;132;0;0;0;0;0;0;0;0;0;
256;LUKE;;But you can't let her get involved now, Ben. Vader will destroy her.;50 INT YODA'S HOUSE;13;0;0;0;0;0;0;0;0;0;
257;OBI-WAN;;She hasn't been trained in the ways of the Jedi the way you have, Luke... but the Force is strong with her, as it is with all of your family. There is no avoiding the battle. You must face and destroy Vader!;50 INT YODA'S HOUSE;42;0;0;0;0;0;0;0;0;0;
258;HAN;;Well, look at you, a general, huh?;53 INT HEADQUARTERS FRIGATE - MAIN BRIEFING ROOM;7;0;0;0;0;0;0;0;0;0;
259;LANDO;;Oh, well, someone must have told them about my little maneuver at the battle of Taanab.;53 INT HEADQUARTERS FRIGATE - MAIN BRIEFING ROOM;16;0;0;0;0;0;0;0;0;0;
260;HAN;;(sarcastic) Well, don't look at me, pal. I just said you were a fair pilot. I didn't know they were lookin' for somebody to lead this crazy attack.;53 INT HEADQUARTERS FRIGATE - MAIN BRIEFING ROOM;27;0;0;0;0;0;0;0;0;0;
261;LANDO;;(smiling) I'm surprised they didn't ask you to do it.;53 INT HEADQUARTERS FRIGATE - MAIN BRIEFING ROOM;9;0;0;0;0;0;0;0;0;0;
262;HAN;;Well, who says they didn't. But I ain't crazy. You're the respectable one, remember?;53 INT HEADQUARTERS FRIGATE - MAIN BRIEFING ROOM;14;0;0;0;0;0;0;0;0;0;
263;MON MOTHMA;;The Emperor has made a critical error and the time for our attack has come.;53 INT HEADQUARTERS FRIGATE - MAIN BRIEFING ROOM;15;0;0;0;0;0;0;0;0;0;
264;MON MOTHMA;;The data brought to us by the Bothan spies pinpoints the exact location of the Emperor's new battle station. We also know that the weapon systems of this Death Star are not yet operational. With the Imperial Fleet spread throughout the galaxy in a vain effort to engage us, it is relatively unprotected. But most important of all, we've learned that the Emperor himself is personally overseeing the final stages of the construction of this Death Star.;53 INT HEADQUARTERS FRIGATE - MAIN BRIEFING ROOM;77;0;0;0;0;0;0;0;0;0;
265;MON MOTHMA;;(cont) Many Bothans died to bring us this information. Admiral Ackbar, please.;53 INT HEADQUARTERS FRIGATE - MAIN BRIEFING ROOM;11;0;0;0;0;0;0;0;0;0;
266;ACKBAR;;You can see here the Death Star orbiting the forest Moon of Endor. Although the weapon systems on this Death Star are not yet operational, the Death Star does have a strong defense mechanism. It is protected by an energy shield, which is generated from the nearby forest Moon of Endor. The shield must be deactivated if any attack is to be attempted. Once the shield is down, our cruisers will create a perimeter, while the fighters fly into the superstructure and attempt to knock out the main reactor.;53 INT HEADQUARTERS FRIGATE - MAIN BRIEFING ROOM;89;0;0;0;0;0;0;0;0;0;
267;ACKBAR;;(cont) General Calrissian has volunteered to lead the fighter attack;53 INT HEADQUARTERS FRIGATE - MAIN BRIEFING ROOM;9;0;0;0;0;0;0;0;0;0;
268;HAN;;Good luck.;53 INT HEADQUARTERS FRIGATE - MAIN BRIEFING ROOM;2;0;0;0;0;0;0;0;0;0;
269;HAN;;You're gonna need it.;53 INT HEADQUARTERS FRIGATE - MAIN BRIEFING ROOM;4;0;0;0;0;0;0;0;0;0;
270;ACKBAR;;General Madine.;53 INT HEADQUARTERS FRIGATE - MAIN BRIEFING ROOM;2;0;0;0;0;0;0;0;0;0;
271;GENERAL MADINE;;We have stolen a small Imperial shuttle. Disguised as a cargo ship, and using a secret Imperial code, a strike team will land on the moon and deactivate the shield generator.;53 INT HEADQUARTERS FRIGATE - MAIN BRIEFING ROOM;31;0;0;0;0;0;0;0;0;0;
272;THREEPIO;;Sounds dangerous.;53 INT HEADQUARTERS FRIGATE - MAIN BRIEFING ROOM;2;0;0;0;0;0;0;0;0;0;
273;LEIA;;(to Han) I wonder who they found to pull that off.;53 INT HEADQUARTERS FRIGATE - MAIN BRIEFING ROOM;9;0;0;0;0;0;0;0;0;0;
274;GENERAL MADINE;;General Solo, is your strike team assembled?;53 INT HEADQUARTERS FRIGATE - MAIN BRIEFING ROOM;7;0;0;0;0;0;0;0;0;0;
275;HAN;;Uh, my team's ready. I don't have a command crew for the shuttle.;53 INT HEADQUARTERS FRIGATE - MAIN BRIEFING ROOM;13;0;0;0;0;0;0;0;0;0;
276;HAN;;Well, it's gonna be rough, pal. I didn't want to speak for you.;53 INT HEADQUARTERS FRIGATE - MAIN BRIEFING ROOM;13;0;0;0;0;0;0;0;0;0;
277;HAN;;(smiles) That's one.;53 INT HEADQUARTERS FRIGATE - MAIN BRIEFING ROOM;2;0;0;0;0;0;0;0;0;0;
278;LEIA;;Uh, General... count me in.;53 INT HEADQUARTERS FRIGATE - MAIN BRIEFING ROOM;5;0;0;0;0;0;0;0;0;0;
279;VOICE;;(OS) I'm with you, too!;53 INT HEADQUARTERS FRIGATE - MAIN BRIEFING ROOM;4;0;0;0;0;0;0;0;0;0;
280;LEIA;;What is it?;53 INT HEADQUARTERS FRIGATE - MAIN BRIEFING ROOM;3;0;0;0;0;0;0;0;0;0;
281;LUKE;;(hesitant) Ask me again sometime.;53 INT HEADQUARTERS FRIGATE - MAIN BRIEFING ROOM;4;0;0;0;0;0;0;0;0;0;
282;HAN;;Luke.;53 INT HEADQUARTERS FRIGATE - MAIN BRIEFING ROOM;1;0;0;0;0;0;0;0;0;0;
283;LUKE;;Hi, Han... Chewie.;53 INT HEADQUARTERS FRIGATE - MAIN BRIEFING ROOM;3;0;0;0;0;0;0;0;0;0;
284;THREEPIO;;"""Exciting"" is hardly the word I would use.";53 INT HEADQUARTERS FRIGATE - MAIN BRIEFING ROOM;8;0;0;0;0;0;0;0;0;0;
285;HAN;;Look. I want you to take her. I mean it. Take her. You need all the help you can get. She's the fastest ship in the fleet.;53 INT HEADQUARTERS FRIGATE - MAIN BRIEFING ROOM;27;0;0;0;0;0;0;0;0;0;
286;LANDO;;All right, old buddy. You know, I know what she means to you. I'll take good care of her. She-she won't get a scratch. All right?;53 INT HEADQUARTERS FRIGATE - MAIN BRIEFING ROOM;26;0;0;0;0;0;0;0;0;0;
287;HAN;;(looks at him warmly) Right. I got your promise now. Not a scratch.;53 INT HEADQUARTERS FRIGATE - MAIN BRIEFING ROOM;9;0;0;0;0;0;0;0;0;0;
288;LANDO;;Look, would you get going, you pirate.;53 INT HEADQUARTERS FRIGATE - MAIN BRIEFING ROOM;7;0;0;0;0;0;0;0;0;0;
289;LANDO;;Good luck.;53 INT HEADQUARTERS FRIGATE - MAIN BRIEFING ROOM;2;0;0;0;0;0;0;0;0;0;
290;HAN;;You, too.;53 INT HEADQUARTERS FRIGATE - MAIN BRIEFING ROOM;2;0;0;0;0;0;0;0;0;0;
291;HAN;;You got her warmed?;53 INT HEADQUARTERS FRIGATE - MAIN BRIEFING ROOM;4;0;0;0;0;0;0;0;0;0;
292;LUKE;;Yeah, she's comin' up.;53 INT HEADQUARTERS FRIGATE - MAIN BRIEFING ROOM;4;0;0;0;0;0;0;0;0;0;
293;HAN;;No. I don't think the Empire had Wookiees in mind when they designed her, Chewie.;53 INT HEADQUARTERS FRIGATE - MAIN BRIEFING ROOM;15;0;0;0;0;0;0;0;0;0;
294;LEIA;;Hey, are you awake?;53 INT HEADQUARTERS FRIGATE - MAIN BRIEFING ROOM;4;0;0;0;0;0;0;0;0;0;
295;HAN;;Yeah, I just got a funny feeling. Like I'm not gonna see her again.;53 INT HEADQUARTERS FRIGATE - MAIN BRIEFING ROOM;14;0;0;0;0;0;0;0;0;0;
296;LEIA;;(softly) Come on, General, let's move.;53 INT HEADQUARTERS FRIGATE - MAIN BRIEFING ROOM;5;0;0;0;0;0;0;0;0;0;
297;HAN;;Right. Chewie, let's see what this piece of junk can do. Ready, everybody?;53 INT HEADQUARTERS FRIGATE - MAIN BRIEFING ROOM;13;0;0;0;0;0;0;0;0;0;
298;LUKE;;All set.;53 INT HEADQUARTERS FRIGATE - MAIN BRIEFING ROOM;2;0;0;0;0;0;0;0;0;0;
299;THREEPIO;;Here we go again.;53 INT HEADQUARTERS FRIGATE - MAIN BRIEFING ROOM;4;0;0;0;0;0;0;0;0;0;
300;HAN;;All right, hang on.;53 INT HEADQUARTERS FRIGATE - MAIN BRIEFING ROOM;4;0;0;0;0;0;0;0;0;0;
301;DARTH VADER;;What is thy bidding, my Master?;57 INT EMPEROR'S THRONE ROOM;6;0;0;0;0;0;0;0;0;0;
302;EMPEROR;;Send the fleet to the far side of Endor. There it will stay until called for.;57 INT EMPEROR'S THRONE ROOM;16;0;0;0;0;0;0;0;0;0;
303;DARTH VADER;;What of the reports of the Rebel fleet massing near Sullust?;57 INT EMPEROR'S THRONE ROOM;11;0;0;0;0;0;0;0;0;0;
304;EMPEROR;;It is of no concern. Soon the Rebellion will be crushed and young Skywalker will be one of us! Your work here is finished, my friend. Go out to the command ship and await my orders.;57 INT EMPEROR'S THRONE ROOM;36;0;0;0;0;0;0;0;0;0;
305;DARTH VADER;;Yes, my Master.;57 INT EMPEROR'S THRONE ROOM;3;0;0;0;0;0;0;0;0;0;
306;HAN;;If they don't go for this, we're gonna have to get outta here pretty quick, Chewie.;59 INT STOLEN IMPERIAL SHUTTLE - COCKPIT;16;0;0;0;0;0;0;0;0;0;
307;CONTROLLER;;(over radio) We have you on our screen now. Please identify.;59 INT STOLEN IMPERIAL SHUTTLE - COCKPIT;9;0;0;0;0;0;0;0;0;0;
308;HAN;;Shuttle Tydirium requesting deactivation of the deflector shield.;59 INT STOLEN IMPERIAL SHUTTLE - COCKPIT;8;0;0;0;0;0;0;0;0;0;
309;CONTROLLER;;(over radio) Shuttle Tydirium, transmit the clearance code for shield passage.;59 INT STOLEN IMPERIAL SHUTTLE - COCKPIT;9;0;0;0;0;0;0;0;0;0;
310;HAN;;Transmission commencing.;59 INT STOLEN IMPERIAL SHUTTLE - COCKPIT;2;0;0;0;0;0;0;0;0;0;
311;LEIA;;Now we find out if that code is worth the price we paid.;59 INT STOLEN IMPERIAL SHUTTLE - COCKPIT;13;0;0;0;0;0;0;0;0;0;
312;HAN;;It'll work. It'll work.;59 INT STOLEN IMPERIAL SHUTTLE - COCKPIT;4;0;0;0;0;0;0;0;0;0;
313;LUKE;;Vader's on that ship.;59 INT STOLEN IMPERIAL SHUTTLE - COCKPIT;4;0;0;0;0;0;0;0;0;0;
314;HAN;;Now don't get jittery, Luke. There are a lot of command ships. Keep your distance though, Chewie, but don't look like you're trying to keep your distance.;59 INT STOLEN IMPERIAL SHUTTLE - COCKPIT;27;0;0;0;0;0;0;0;0;0;
315;HAN;;I don't know. Fly casual.;59 INT STOLEN IMPERIAL SHUTTLE - COCKPIT;5;0;0;0;0;0;0;0;0;0;
316;LUKE;;I'm endangering the mission. I shouldn't have come.;59 INT STOLEN IMPERIAL SHUTTLE - COCKPIT;8;0;0;0;0;0;0;0;0;0;
317;HAN;;It's your imagination, kid. Come on. Let's keep a little optimism here.;59 INT STOLEN IMPERIAL SHUTTLE - COCKPIT;12;0;0;0;0;0;0;0;0;0;
318;DARTH VADER;;Where is that shuttle going?;60 INT VADER'S STAR DESTROYER - BRIDGE;5;0;0;0;0;0;0;0;0;0;
319;PIETT;;(into comlink) Shuttle Tydirium, what is your cargo and destination?;60 INT VADER'S STAR DESTROYER - BRIDGE;8;0;0;0;0;0;0;0;0;0;
320;PILOT VOICE (HAN);;(filtered) Parts and technical crew for the forest moon.;60 INT VADER'S STAR DESTROYER - BRIDGE;8;0;0;0;0;0;0;0;0;0;
321;DARTH VADER;;Do they have a code clearance?;60 INT VADER'S STAR DESTROYER - BRIDGE;6;0;0;0;0;0;0;0;0;0;
322;PIETT;;It's an older code, sir, but it checks out. I was about to clear them.;60 INT VADER'S STAR DESTROYER - BRIDGE;15;0;0;0;0;0;0;0;0;0;
323;PIETT;;Shall I hold them?;60 INT VADER'S STAR DESTROYER - BRIDGE;4;0;0;0;0;0;0;0;0;0;
324;DARTH VADER;;No. Leave them to me. I will deal with them myself.;60 INT VADER'S STAR DESTROYER - BRIDGE;11;0;0;0;0;0;0;0;0;0;
325;PIETT;;(surprised) As you wish, my lord. (to controller) Carry on.;60 INT VADER'S STAR DESTROYER - BRIDGE;2;0;0;0;0;0;0;0;0;0;
326;HAN;;They're not goin' for it, Chewie.;61 INT STOLEN IMPERIAL SHUTTLE - COCKPIT;6;0;0;0;0;0;0;0;0;0;
327;CONTROLLER;;(filtered) Shuttle Tydirium, deactivation of the shield will commence immediately. Follow your present course.;61 INT STOLEN IMPERIAL SHUTTLE - COCKPIT;13;0;0;0;0;0;0;0;0;0;
328;HAN;;Okay! I told you it was gonna work. No problem.;61 INT STOLEN IMPERIAL SHUTTLE - COCKPIT;10;0;0;0;0;0;0;0;0;0;
329;THREEPIO;;Oh, I told you it was dangerous here.;61 INT STOLEN IMPERIAL SHUTTLE - COCKPIT;8;0;0;0;0;0;0;0;0;0;
330;LEIA;;Shall we try and go around?;61 INT STOLEN IMPERIAL SHUTTLE - COCKPIT;6;0;0;0;0;0;0;0;0;0;
331;HAN;;It'll take time. This whole party'll be for nothing if they see us.;61 INT STOLEN IMPERIAL SHUTTLE - COCKPIT;13;0;0;0;0;0;0;0;0;0;
332;HAN;;Chewie and I will take care of this. You stay here.;64 EXT FOREST CLEARING - CAMPSITE;11;0;0;0;0;0;0;0;0;0;
333;LUKE;;Quietly, there might be more of them out there.;64 EXT FOREST CLEARING - CAMPSITE;9;0;0;0;0;0;0;0;0;0;
334;HAN;;(grins) Hey... it's me.;64 EXT FOREST CLEARING - CAMPSITE;3;0;0;0;0;0;0;0;0;0;
335;SCOUT #1;;Go for help! Go!;64 EXT FOREST CLEARING - CAMPSITE;4;0;0;0;0;0;0;0;0;0;
336;LUKE;;(sarcastic) Great. Come on.;64 EXT FOREST CLEARING - CAMPSITE;3;0;0;0;0;0;0;0;0;0;
337;LEIA;;Over there! Two more of them!;64 EXT FOREST CLEARING - CAMPSITE;6;0;0;0;0;0;0;0;0;0;
338;LUKE;;I see them. Wait, Leia!;64 EXT FOREST CLEARING - CAMPSITE;5;0;0;0;0;0;0;0;0;0;
339;LUKE;;(pointing to the controls) Quick! Jam their comlink. Center switch!;64 EXT FOREST CLEARING - CAMPSITE;6;0;0;0;0;0;0;0;0;0;
340;HAN;;Hey, wait! Ahhh!;64 EXT FOREST CLEARING - CAMPSITE;3;0;0;0;0;0;0;0;0;0;
341;LUKE;;Move closer!;65 EXT FOREST - THE BIKE CHASE;2;0;0;0;0;0;0;0;0;0;
342;LUKE;;Get alongside that one!;65 EXT FOREST - THE BIKE CHASE;4;0;0;0;0;0;0;0;0;0;
343;LUKE;;Get him!;65 EXT FOREST - THE BIKE CHASE;2;0;0;0;0;0;0;0;0;0;
344;LUKE;;(indicating the one ahead) Keep on that one! I'll take these two!;65 EXT FOREST - THE BIKE CHASE;8;0;0;0;0;0;0;0;0;0;
345;THREEPIO;;Oh, General Solo, somebody's coming. Oh!;65 EXT FOREST - THE BIKE CHASE;6;0;0;0;0;0;0;0;0;0;
346;HAN;;Luke! Where's Leia?;65 EXT FOREST - THE BIKE CHASE;3;0;0;0;0;0;0;0;0;0;
347;LUKE;;(concerned) What? She didn't come back?;65 EXT FOREST - THE BIKE CHASE;5;0;0;0;0;0;0;0;0;0;
348;HAN;;I thought she was with you.;65 EXT FOREST - THE BIKE CHASE;6;0;0;0;0;0;0;0;0;0;
349;LUKE;;We got separated.;65 EXT FOREST - THE BIKE CHASE;3;0;0;0;0;0;0;0;0;0;
350;LUKE;;Hey, we better go look for her.;65 EXT FOREST - THE BIKE CHASE;7;0;0;0;0;0;0;0;0;0;
351;HAN;;Take the squad ahead. We'll meet at the shield generator at 0300.;65 EXT FOREST - THE BIKE CHASE;12;0;0;0;0;0;0;0;0;0;
352;LUKE;;Come on, Artoo. We'll need your scanners.;65 EXT FOREST - THE BIKE CHASE;7;0;0;0;0;0;0;0;0;0;
353;THREEPIO;;Don't worry, Master Luke. We know what to do.;65 EXT FOREST - THE BIKE CHASE;9;0;0;0;0;0;0;0;0;0;
354;THREEPIO;;(to Artoo) And you said it was pretty here. Ugh!;65 EXT FOREST - THE BIKE CHASE;8;0;0;0;0;0;0;0;0;0;
355;LEIA;;Cut it out!;67 EXT FOREST CLEARING - LEIA'S CRASH SITE;3;0;0;0;0;0;0;0;0;0;
356;LEIA;;I'm not gonna hurt you.;67 EXT FOREST CLEARING - LEIA'S CRASH SITE;5;0;0;0;0;0;0;0;0;0;
357;LEIA;;Well, looks like I'm stuck here. Trouble is, I don't know where here is.;67 EXT FOREST CLEARING - LEIA'S CRASH SITE;14;0;0;0;0;0;0;0;0;0;
358;LEIA;;Well, maybe you can help me. Come on, sit down.;67 EXT FOREST CLEARING - LEIA'S CRASH SITE;10;0;0;0;0;0;0;0;0;0;
359;LEIA;;I promise I won't hurt you. Now come here.;67 EXT FOREST CLEARING - LEIA'S CRASH SITE;9;0;0;0;0;0;0;0;0;0;
360;LEIA;;All right. You want something to eat?;67 EXT FOREST CLEARING - LEIA'S CRASH SITE;7;0;0;0;0;0;0;0;0;0;
361;LEIA;;That's right. Come on. Hmmm?;67 EXT FOREST CLEARING - LEIA'S CRASH SITE;5;0;0;0;0;0;0;0;0;0;
362;LEIA;;Look, it's a hat. It's not gonna hurt you. Look. You're a jittery little thing, aren't you?;67 EXT FOREST CLEARING - LEIA'S CRASH SITE;17;0;0;0;0;0;0;0;0;0;
363;LEIA;;What is it?;67 EXT FOREST CLEARING - LEIA'S CRASH SITE;3;0;0;0;0;0;0;0;0;0;
364;SCOUT #1;;Freeze! Come on, get up!;67 EXT FOREST CLEARING - LEIA'S CRASH SITE;5;0;0;0;0;0;0;0;0;0;
365;SCOUT #1;;Go get your ride and take her back to base.;67 EXT FOREST CLEARING - LEIA'S CRASH SITE;10;0;0;0;0;0;0;0;0;0;
366;SCOUT #2;;Yes, sir.;67 EXT FOREST CLEARING - LEIA'S CRASH SITE;2;0;0;0;0;0;0;0;0;0;
367;LEIA;;Come on, let's get outta here.;67 EXT FOREST CLEARING - LEIA'S CRASH SITE;6;0;0;0;0;0;0;0;0;0;
368;GUARD;;Halt! The Emperor does not wish to be disturbed at the moment.;68 INT DEATH STAR - CORRIDOR TO EMPEROR'S TOWER;12;0;0;0;0;0;0;0;0;0;
369;DARTH VADER;;(raising his gloved hand to the two guards and choking them with the Force) The Emperor will see me, now!;68 INT DEATH STAR - CORRIDOR TO EMPEROR'S TOWER;6;0;0;0;0;0;0;0;0;0;
370;GUARD;;(repeating Vader's command) The Emperor will see you, now.;68 INT DEATH STAR - CORRIDOR TO EMPEROR'S TOWER;6;0;0;0;0;0;0;0;0;0;
371;EMPEROR;;I told you to remain on the command ship.;69 INT EMPEROR'S TOWER - THRONE ROOM;9;0;0;0;0;0;0;0;0;0;
372;DARTH VADER;;A small Rebel force has penetrated the shield and landed on Endor.;69 INT EMPEROR'S TOWER - THRONE ROOM;12;0;0;0;0;0;0;0;0;0;
373;EMPEROR;;(no surprise) Yes, I know.;69 INT EMPEROR'S TOWER - THRONE ROOM;3;0;0;0;0;0;0;0;0;0;
374;DARTH VADER;;(after a beat) My son is with them.;69 INT EMPEROR'S TOWER - THRONE ROOM;5;0;0;0;0;0;0;0;0;0;
375;EMPEROR;;(very cool) Are you sure?;69 INT EMPEROR'S TOWER - THRONE ROOM;3;0;0;0;0;0;0;0;0;0;
376;DARTH VADER;;I have felt him, my Master.;69 INT EMPEROR'S TOWER - THRONE ROOM;6;0;0;0;0;0;0;0;0;0;
377;EMPEROR;;Strange, that I have not. I wonder if your feelings on this matter are clear, Lord Vader.;69 INT EMPEROR'S TOWER - THRONE ROOM;17;0;0;0;0;0;0;0;0;0;
378;DARTH VADER;;They are clear, my Master.;69 INT EMPEROR'S TOWER - THRONE ROOM;5;0;0;0;0;0;0;0;0;0;
379;EMPEROR;;Then you must go to the Sanctuary Moon and wait for them.;69 INT EMPEROR'S TOWER - THRONE ROOM;12;0;0;0;0;0;0;0;0;0;
380;DARTH VADER;;(skeptical) He will come to me?;69 INT EMPEROR'S TOWER - THRONE ROOM;5;0;0;0;0;0;0;0;0;0;
381;EMPEROR;;I have foreseen it. His compassion for you will be his undoing. He will come to you and then you will bring him before me.;69 INT EMPEROR'S TOWER - THRONE ROOM;25;0;0;0;0;0;0;0;0;0;
382;DARTH VADER;;(bows) As you wish.;69 INT EMPEROR'S TOWER - THRONE ROOM;3;0;0;0;0;0;0;0;0;0;
383;HAN;;(OS) Luke! Luke!;70 EXT FOREST CLEARING - LEIA'S CRASH SITE;2;0;0;0;0;0;0;0;0;0;
384;THREEPIO;;Oh, Master Luke.;70 EXT FOREST CLEARING - LEIA'S CRASH SITE;3;0;0;0;0;0;0;0;0;0;
385;LUKE;;There's two more wrecked speeders back there. And I found this.;70 EXT FOREST CLEARING - LEIA'S CRASH SITE;11;0;0;0;0;0;0;0;0;0;
386;THREEPIO;;I'm afraid that Artoo's sensors can find no trace of Princess Leia.;70 EXT FOREST CLEARING - LEIA'S CRASH SITE;12;0;0;0;0;0;0;0;0;0;
387;HAN;;(gravely) I hope she's alright.;70 EXT FOREST CLEARING - LEIA'S CRASH SITE;4;0;0;0;0;0;0;0;0;0;
388;HAN;;What, Chewie? What? Chewie!;70 EXT FOREST CLEARING - LEIA'S CRASH SITE;4;0;0;0;0;0;0;0;0;0;
389;HAN;;Hey, I don't get it.;70 EXT FOREST CLEARING - LEIA'S CRASH SITE;5;0;0;0;0;0;0;0;0;0;
390;HAN;;(cont) Nah, it's just a dead animal, Chewie.;70 EXT FOREST CLEARING - LEIA'S CRASH SITE;7;0;0;0;0;0;0;0;0;0;
391;LUKE;;Chewie, wa-wait! Don't!;70 EXT FOREST CLEARING - LEIA'S CRASH SITE;3;0;0;0;0;0;0;0;0;0;
392;HAN;;Nice work. Great, Chewie! Great! Always thinking with your stomach.;70 EXT FOREST CLEARING - LEIA'S CRASH SITE;10;0;0;0;0;0;0;0;0;0;
393;LUKE;;Will you take it easy? Let's just figure out a way to get out of this thing. (trying to free an arm) Han, can you reach my lightsaber?;70 EXT FOREST CLEARING - LEIA'S CRASH SITE;23;0;0;0;0;0;0;0;0;0;
394;HAN;;Yeah, sure.;70 EXT FOREST CLEARING - LEIA'S CRASH SITE;2;0;0;0;0;0;0;0;0;0;
395;THREEPIO;;Artoo, I'm not sure that's such a good idea. It's a very long dro-o-op!!;70 EXT FOREST CLEARING - LEIA'S CRASH SITE;14;0;0;0;0;0;0;0;0;0;
396;HAN;;Wha--? Hey! Point that thing someplace else.;70 EXT FOREST CLEARING - LEIA'S CRASH SITE;7;0;0;0;0;0;0;0;0;0;
397;HAN;;Hey!;70 EXT FOREST CLEARING - LEIA'S CRASH SITE;1;0;0;0;0;0;0;0;0;0;
398;LUKE;;Han, don't. It'll be all right.;70 EXT FOREST CLEARING - LEIA'S CRASH SITE;6;0;0;0;0;0;0;0;0;0;
399;LUKE;;Chewie, give 'em your crossbow.;70 EXT FOREST CLEARING - LEIA'S CRASH SITE;5;0;0;0;0;0;0;0;0;0;
400;THREEPIO;;Oh, my head. Oh, my goodness!;70 EXT FOREST CLEARING - LEIA'S CRASH SITE;6;0;0;0;0;0;0;0;0;0;
401;LUKE;;Do you understand anything they're saying?;70 EXT FOREST CLEARING - LEIA'S CRASH SITE;6;0;0;0;0;0;0;0;0;0;
402;THREEPIO;;Oh, yes, Master Luke! Remember that I am fluent in over six million forms of communication.;70 EXT FOREST CLEARING - LEIA'S CRASH SITE;16;0;0;0;0;0;0;0;0;0;
403;HAN;;What are you telling them?;70 EXT FOREST CLEARING - LEIA'S CRASH SITE;5;0;0;0;0;0;0;0;0;0;
404;THREEPIO;;Hello, I think... I could be mistaken. They're using a very primitive dialect. But I do believe they think I am some sort of god.;70 EXT FOREST CLEARING - LEIA'S CRASH SITE;25;0;0;0;0;0;0;0;0;0;
405;HAN;;Well, why don't you use your divine influence and get us out of this?;70 EXT FOREST CLEARING - LEIA'S CRASH SITE;14;0;0;0;0;0;0;0;0;0;
406;THREEPIO;;I beg your pardon, General Solo, but that just wouldn't be proper.;70 EXT FOREST CLEARING - LEIA'S CRASH SITE;12;0;0;0;0;0;0;0;0;0;
407;HAN;;Proper?!;70 EXT FOREST CLEARING - LEIA'S CRASH SITE;1;0;0;0;0;0;0;0;0;0;
408;THREEPIO;;It's against my programming to impersonate a deity.;70 EXT FOREST CLEARING - LEIA'S CRASH SITE;8;0;0;0;0;0;0;0;0;0;
409;HAN;;Why, you--;70 EXT FOREST CLEARING - LEIA'S CRASH SITE;2;0;0;0;0;0;0;0;0;0;
410;HAN;;My mistake. He's an old friend of mine.;70 EXT FOREST CLEARING - LEIA'S CRASH SITE;8;0;0;0;0;0;0;0;0;0;
411;HAN;;I have a really bad feeling about this.;74 EXT EWOK VILLAGE SQUARE;8;0;0;0;0;0;0;0;0;0;
412;HAN;;What did he say?;74 EXT EWOK VILLAGE SQUARE;4;0;0;0;0;0;0;0;0;0;
413;THREEPIO;;I'm rather embarrassed, General Solo, but it appears you are to be the main course at a banquet in my honor.;74 EXT EWOK VILLAGE SQUARE;21;0;0;0;0;0;0;0;0;0;
414;HAN and LUKE;;Leia!;74 EXT EWOK VILLAGE SQUARE;1;0;0;0;0;0;0;0;0;0;
415;LEIA;;Oh!;74 EXT EWOK VILLAGE SQUARE;1;0;0;0;0;0;0;0;0;0;
416;THREEPIO;;Your Royal Highness.;74 EXT EWOK VILLAGE SQUARE;3;0;0;0;0;0;0;0;0;0;
417;LEIA;;But these are my friends. Threepio, tell them they must be set free.;74 EXT EWOK VILLAGE SQUARE;13;0;0;0;0;0;0;0;0;0;
418;HAN;;Somehow, I got the feeling that didn't help us very much.;74 EXT EWOK VILLAGE SQUARE;11;0;0;0;0;0;0;0;0;0;
419;LUKE;;Threepio, tell them if they don't do as you wish, you'll become angry and use your magic.;74 EXT EWOK VILLAGE SQUARE;17;0;0;0;0;0;0;0;0;0;
420;THREEPIO;;But Master Luke, what magic? I couldn't possibly --;74 EXT EWOK VILLAGE SQUARE;9;0;0;0;0;0;0;0;0;0;
421;LUKE;;Just tell them.;74 EXT EWOK VILLAGE SQUARE;3;0;0;0;0;0;0;0;0;0;
422;THREEPIO;;"You see, Master Luke; they didn't believe me. Just...";74 EXT EWOK VILLAGE SQUARE;9;0;0;0;0;0;0;0;0;0;
423;THREEPIO;;... as I said they wouldn't. Wha-wha-what's happening! Oh! Oh, dear! Oh!;74 EXT EWOK VILLAGE SQUARE;11;0;0;0;0;0;0;0;0;0;
424;THREEPIO;;Put me down! He-e-elp! Master Luke! Artoo! Somebody, somebody, help! Master Luke, Artoo! Artoo, quickly! Do something, somebody! Oh! Ohhh!;74 EXT EWOK VILLAGE SQUARE;20;0;0;0;0;0;0;0;0;0;
425;THREEPIO;;Oh, oh, oh, oh! Thank goodness.;74 EXT EWOK VILLAGE SQUARE;6;0;0;0;0;0;0;0;0;0;
426;LUKE;;Thanks, Threepio.;74 EXT EWOK VILLAGE SQUARE;2;0;0;0;0;0;0;0;0;0;
427;THREEPIO;;(still shaken) I...I never knew I had it in me.;74 EXT EWOK VILLAGE SQUARE;9;0;0;0;0;0;0;0;0;0;
428;THREEPIO;;Yes, Artoo. I was just coming to that.;74 EXT EWOK VILLAGE SQUARE;8;0;0;0;0;0;0;0;0;0;
429;HAN;;What's going on?;74 EXT EWOK VILLAGE SQUARE;3;0;0;0;0;0;0;0;0;0;
430;LEIA;;I don't know.;74 EXT EWOK VILLAGE SQUARE;3;0;0;0;0;0;0;0;0;0;
431;THREEPIO;;Wonderful! We are now a part of the tribe.;74 EXT EWOK VILLAGE SQUARE;9;0;0;0;0;0;0;0;0;0;
432;HAN;;Just what I always wanted.;74 EXT EWOK VILLAGE SQUARE;5;0;0;0;0;0;0;0;0;0;
433;HAN;;(chuckles) Well, short help is better than no help at all, Chewie. (to Wicket) Thank you. Okay.;74 EXT EWOK VILLAGE SQUARE;3;0;0;0;0;0;0;0;0;0;
434;THREEPIO;;He says the scouts are going to show us the quickest way to the shield generator.;74 EXT EWOK VILLAGE SQUARE;16;0;0;0;0;0;0;0;0;0;
435;HAN;;Good. How far is it? Ask him. We need some fresh supplies, too. And try and get our weapons back.;74 EXT EWOK VILLAGE SQUARE;20;0;0;0;0;0;0;0;0;0;
436;HAN;;(cont) And hurry up, will ya? I haven't got all day.;74 EXT EWOK VILLAGE SQUARE;10;0;0;0;0;0;0;0;0;0;
437;LEIA;;Luke, what's wrong?;76 EXT EWOK VILLAGE - NIGHT;3;0;0;0;0;0;0;0;0;0;
438;LUKE;;Leia... do you remember your mother? Your real mother?;76 EXT EWOK VILLAGE - NIGHT;9;0;0;0;0;0;0;0;0;0;
439;LEIA;;Just a little bit. She died when I was very young.;76 EXT EWOK VILLAGE - NIGHT;11;0;0;0;0;0;0;0;0;0;
440;LUKE;;What do you remember?;76 EXT EWOK VILLAGE - NIGHT;4;0;0;0;0;0;0;0;0;0;
441;LEIA;;Just...images, really. Feelings.;76 EXT EWOK VILLAGE - NIGHT;4;0;0;0;0;0;0;0;0;0;
442;LUKE;;Tell me.;76 EXT EWOK VILLAGE - NIGHT;2;0;0;0;0;0;0;0;0;0;
443;LEIA;;(a little surprised at his insistence) She was very beautiful. Kind, but...sad. (looks up) Why are you asking me all this?;76 EXT EWOK VILLAGE - NIGHT;7;0;0;0;0;0;0;0;0;0;
444;LUKE;;I have no memory of my mother. I never knew her.;76 EXT EWOK VILLAGE - NIGHT;11;0;0;0;0;0;0;0;0;0;
445;LEIA;;Luke, tell me. What's troubling you?;76 EXT EWOK VILLAGE - NIGHT;6;0;0;0;0;0;0;0;0;0;
446;LUKE;;Vader is here...now, on this moon.;76 EXT EWOK VILLAGE - NIGHT;7;0;0;0;0;0;0;0;0;0;
447;LEIA;;(alarmed) How do you know?;76 EXT EWOK VILLAGE - NIGHT;4;0;0;0;0;0;0;0;0;0;
448;LUKE;;I felt his presence. He's come for me. He can feel when I'm near. That's why I have to go. (facing her) As long as I stay, I'm endangering the group and our mission here. (beat) I have to face him.;76 EXT EWOK VILLAGE - NIGHT;25;0;0;0;0;0;0;0;0;0;
449;LEIA;;Why?;76 EXT EWOK VILLAGE - NIGHT;1;0;0;0;0;0;0;0;0;0;
450;LUKE;;He's my father.;76 EXT EWOK VILLAGE - NIGHT;3;0;0;0;0;0;0;0;0;0;
451;LEIA;;Your father?;76 EXT EWOK VILLAGE - NIGHT;2;0;0;0;0;0;0;0;0;0;
452;LUKE;;There's more. It won't be easy for you to hear it, but you must. If I don't make it back, you're the only hope for the Alliance.;76 EXT EWOK VILLAGE - NIGHT;27;0;0;0;0;0;0;0;0;0;
453;LEIA;;Luke, don't talk that way. You have a power I--I don't understand and could never have.;76 EXT EWOK VILLAGE - NIGHT;16;0;0;0;0;0;0;0;0;0;
454;LUKE;;You're wrong, Leia. You have that power too. In time you'll learn to use it as I have. The Force is strong in my family. My father has it...I have it...and...my sister has it.;76 EXT EWOK VILLAGE - NIGHT;37;0;0;0;0;0;0;0;0;0;
455;LUKE;;Yes. It's you Leia.;76 EXT EWOK VILLAGE - NIGHT;4;0;0;0;0;0;0;0;0;0;
456;LEIA;;I know. Somehow...I've always known.;76 EXT EWOK VILLAGE - NIGHT;6;0;0;0;0;0;0;0;0;0;
457;LUKE;;Then you know why I have to face him.;76 EXT EWOK VILLAGE - NIGHT;9;0;0;0;0;0;0;0;0;0;
458;LEIA;;No! Luke, run away, far away. If he can feel your presence, then leave this place. I wish I could go with you.;76 EXT EWOK VILLAGE - NIGHT;23;0;0;0;0;0;0;0;0;0;
459;LUKE;;No, you don't. You've always been strong.;76 EXT EWOK VILLAGE - NIGHT;7;0;0;0;0;0;0;0;0;0;
460;LEIA;;But, why must you confront him?;76 EXT EWOK VILLAGE - NIGHT;6;0;0;0;0;0;0;0;0;0;
461;LUKE;;Because...there is good in him. I've felt it. He won't turn me over to the Emperor. I can save him. I can turn him back to the good side. I have to try.;76 EXT EWOK VILLAGE - NIGHT;34;0;0;0;0;0;0;0;0;0;
462;HAN;;Hey, what's goin' on?;76 EXT EWOK VILLAGE - NIGHT;4;0;0;0;0;0;0;0;0;0;
463;LEIA;;Nothing. I - just want to be alone for a little while.;76 EXT EWOK VILLAGE - NIGHT;12;0;0;0;0;0;0;0;0;0;
464;HAN;;(angry) Nothing? Come on, tell me. What's goin' on?;76 EXT EWOK VILLAGE - NIGHT;8;0;0;0;0;0;0;0;0;0;
465;LEIA;;I...I can't tell you.;76 EXT EWOK VILLAGE - NIGHT;5;0;0;0;0;0;0;0;0;0;
466;HAN;;(loses his temper) Did you tell Luke? Is that who you could tell?;76 EXT EWOK VILLAGE - NIGHT;10;0;0;0;0;0;0;0;0;0;
467;LEIA;;I...;76 EXT EWOK VILLAGE - NIGHT;1;0;0;0;0;0;0;0;0;0;
468;HAN;;Ahhh...;76 EXT EWOK VILLAGE - NIGHT;1;0;0;0;0;0;0;0;0;0;
469;HAN;;I'm sorry.;76 EXT EWOK VILLAGE - NIGHT;2;0;0;0;0;0;0;0;0;0;
470;LEIA;;Hold me.;76 EXT EWOK VILLAGE - NIGHT;2;0;0;0;0;0;0;0;0;0;
471;COMMANDER;;This is a Rebel that surrendered to us. Although he denies it, I believe there may be more of them, and I request permission to conduct a further search of the area.;78 EXT IMPERIAL LANDING PLATFORM - LOWER DECK;32;0;0;0;0;0;0;0;0;0;
472;COMMANDER;;He was armed only with this.;78 EXT IMPERIAL LANDING PLATFORM - LOWER DECK;6;0;0;0;0;0;0;0;0;0;
473;DARTH VADER;;Good work, Commander. Leave us. Conduct your search and bring his companions to me.;78 EXT IMPERIAL LANDING PLATFORM - LOWER DECK;14;0;0;0;0;0;0;0;0;0;
474;COMMANDER;;Yes, my Lord.;78 EXT IMPERIAL LANDING PLATFORM - LOWER DECK;3;0;0;0;0;0;0;0;0;0;
475;DARTH VADER;;The Emperor has been expecting you.;78 EXT IMPERIAL LANDING PLATFORM - LOWER DECK;6;0;0;0;0;0;0;0;0;0;
476;LUKE;;I know, father.;78 EXT IMPERIAL LANDING PLATFORM - LOWER DECK;3;0;0;0;0;0;0;0;0;0;
477;DARTH VADER;;So, you have accepted the truth.;78 EXT IMPERIAL LANDING PLATFORM - LOWER DECK;6;0;0;0;0;0;0;0;0;0;
478;LUKE;;I've accepted the truth that you were once Anakin Skywalker, my father.;78 EXT IMPERIAL LANDING PLATFORM - LOWER DECK;12;0;0;0;0;0;0;0;0;0;
479;DARTH VADER;;(turning to face him) That name no longer has any meaning for me.;78 EXT IMPERIAL LANDING PLATFORM - LOWER DECK;9;0;0;0;0;0;0;0;0;0;
480;LUKE;;It is the name of your true self. You've only forgotten. I know there is good in you. The Emperor hasn't driven it from you fully. That is why you couldn't destroy me. That's why you won't bring me to your Emperor now.;78 EXT IMPERIAL LANDING PLATFORM - LOWER DECK;43;0;0;0;0;0;0;0;0;0;
481;DARTH VADER;;(indicating lightsaber) I see you have constructed a new lightsaber.;78 EXT IMPERIAL LANDING PLATFORM - LOWER DECK;8;0;0;0;0;0;0;0;0;0;
482;DARTH VADER;;Your skills are complete. Indeed, you are powerful, as the Emperor has foreseen.;78 EXT IMPERIAL LANDING PLATFORM - LOWER DECK;13;0;0;0;0;0;0;0;0;0;
483;LUKE;;Come with me.;78 EXT IMPERIAL LANDING PLATFORM - LOWER DECK;3;0;0;0;0;0;0;0;0;0;
484;DARTH VADER;;Obi-Wan once thought as you do.;78 EXT IMPERIAL LANDING PLATFORM - LOWER DECK;6;0;0;0;0;0;0;0;0;0;
485;DARTH VADER;;You don't know the power of the dark side. I must obey my master.;78 EXT IMPERIAL LANDING PLATFORM - LOWER DECK;14;0;0;0;0;0;0;0;0;0;
486;LUKE;;I will not turn...and you'll be forced to kill me.;78 EXT IMPERIAL LANDING PLATFORM - LOWER DECK;11;0;0;0;0;0;0;0;0;0;
487;DARTH VADER;;If that is your destiny.;78 EXT IMPERIAL LANDING PLATFORM - LOWER DECK;5;0;0;0;0;0;0;0;0;0;
488;LUKE;;Search your feelings, father. You can't do this. I feel the conflict within you. Let go of your hate.;78 EXT IMPERIAL LANDING PLATFORM - LOWER DECK;19;0;0;0;0;0;0;0;0;0;
489;DARTH VADER;;It is too late for me, son. The Emperor will show you the true nature of the Force. He is your master now.;78 EXT IMPERIAL LANDING PLATFORM - LOWER DECK;23;0;0;0;0;0;0;0;0;0;
490;LUKE;;Then my father is truly dead.;78 EXT IMPERIAL LANDING PLATFORM - LOWER DECK;6;0;0;0;0;0;0;0;0;0;
491;LEIA;;The main entrance to the control bunker's on the far side of that landing platform. This isn't gonna be easy.;79 EXT ENDOR - RIDGE OVERLOOKING SHIELD GENERATOR;20;0;0;0;0;0;0;0;0;0;
492;HAN;;Hey, don't worry. Chewie and me got into a lot of places more heavily guarded than this.;79 EXT ENDOR - RIDGE OVERLOOKING SHIELD GENERATOR;17;0;0;0;0;0;0;0;0;0;
493;LEIA;;What's he saying?;79 EXT ENDOR - RIDGE OVERLOOKING SHIELD GENERATOR;3;0;0;0;0;0;0;0;0;0;
494;THREEPIO;;He says there's a secret entrance on the other side of the ridge.;79 EXT ENDOR - RIDGE OVERLOOKING SHIELD GENERATOR;13;0;0;0;0;0;0;0;0;0;
495;LANDO;;Admiral, we're in position. All fighters accounted for.;81 INT MILLENNIUM FALCON - COCKPIT;8;0;0;0;0;0;0;0;0;0;
496;ACKBAR;;(VO) Proceed with the countdown. All groups assume attack coordinates.;81 INT MILLENNIUM FALCON - COCKPIT;9;0;0;0;0;0;0;0;0;0;
497;LANDO;;Don't worry, my friends are down there. They'll have that shield down on time... (to himself) or this'll be the shortest offensive of all time.;81 INT MILLENNIUM FALCON - COCKPIT;23;0;0;0;0;0;0;0;0;0;
498;ACKBAR;;(VO) All craft, prepare to jump to hyperspace on my mark.;81 INT MILLENNIUM FALCON - COCKPIT;10;0;0;0;0;0;0;0;0;0;
499;LANDO;;All right. Stand by.;81 INT MILLENNIUM FALCON - COCKPIT;4;0;0;0;0;0;0;0;0;0;
500;HAN;;Back door, huh? Good idea.;81 INT MILLENNIUM FALCON - COCKPIT;5;0;0;0;0;0;0;0;0;0;
501;HAN;;(cont) It's only a few guards. This shouldn't be too much trouble.;81 INT MILLENNIUM FALCON - COCKPIT;11;0;0;0;0;0;0;0;0;0;
502;LEIA;;Well, it only takes one to sound the alarm.;81 INT MILLENNIUM FALCON - COCKPIT;9;0;0;0;0;0;0;0;0;0;
503;HAN;;(with self-confident grin) Then we'll do it real quiet-like.;81 INT MILLENNIUM FALCON - COCKPIT;6;0;0;0;0;0;0;0;0;0;
504;THREEPIO;;Oh! Oh, my. Uh, Princess Leia!;81 INT MILLENNIUM FALCON - COCKPIT;6;0;0;0;0;0;0;0;0;0;
505;LEIA;;Quiet.;81 INT MILLENNIUM FALCON - COCKPIT;1;0;0;0;0;0;0;0;0;0;
506;THREEPIO;;I'm afraid our furry companion has gone and done something rather rash.;81 INT MILLENNIUM FALCON - COCKPIT;12;0;0;0;0;0;0;0;0;0;
507;LEIA;;Oh, no.;81 INT MILLENNIUM FALCON - COCKPIT;2;0;0;0;0;0;0;0;0;0;
508;HAN;;(sighs) There goes our surprise attack.;81 INT MILLENNIUM FALCON - COCKPIT;5;0;0;0;0;0;0;0;0;0;
509;HAN;;Not bad for a little furball. There's only one left. You stay here. We'll take care of this.;81 INT MILLENNIUM FALCON - COCKPIT;18;0;0;0;0;0;0;0;0;0;
510;THREEPIO;;I have decided that we shall stay here.;81 INT MILLENNIUM FALCON - COCKPIT;8;0;0;0;0;0;0;0;0;0;
511;EMPEROR;;Welcome, young Skywalker. I have been expecting you.;90 INT DEATH STAR - EMPEROR'S THRONE ROOM;8;0;0;0;0;0;0;0;0;0;
512;EMPEROR;;You no longer need those.;90 INT DEATH STAR - EMPEROR'S THRONE ROOM;5;0;0;0;0;0;0;0;0;0;
513;EMPEROR;;Guards, leave us.;90 INT DEATH STAR - EMPEROR'S THRONE ROOM;3;0;0;0;0;0;0;0;0;0;
514;EMPEROR;;(to Luke) I'm looking forward to completing your training. In time you will call me Master.;90 INT DEATH STAR - EMPEROR'S THRONE ROOM;14;0;0;0;0;0;0;0;0;0;
515;LUKE;;You're gravely mistaken. You won't convert me as you did my father.;90 INT DEATH STAR - EMPEROR'S THRONE ROOM;12;0;0;0;0;0;0;0;0;0;
516;EMPEROR;;Oh, no, my young Jedi. You will find that it is you who are mistaken...about a great many things.;90 INT DEATH STAR - EMPEROR'S THRONE ROOM;20;0;0;0;0;0;0;0;0;0;
517;DARTH VADER;;His lightsaber.;90 INT DEATH STAR - EMPEROR'S THRONE ROOM;2;0;0;0;0;0;0;0;0;0;
518;EMPEROR;;Ah, yes, a Jedi's weapon. Much like your father's. By now you must know your father can never be turned from the dark side. So will it be with you.;90 INT DEATH STAR - EMPEROR'S THRONE ROOM;30;0;0;0;0;0;0;0;0;0;
519;LUKE;;You're wrong. Soon I'll be dead...and you with me.;90 INT DEATH STAR - EMPEROR'S THRONE ROOM;10;0;0;0;0;0;0;0;0;0;
520;EMPEROR;;Perhaps you refer to the imminent attack of your Rebel fleet.;90 INT DEATH STAR - EMPEROR'S THRONE ROOM;11;0;0;0;0;0;0;0;0;0;
521;EMPEROR;;Yes...I assure you we are quite safe from your friends here.;90 INT DEATH STAR - EMPEROR'S THRONE ROOM;12;0;0;0;0;0;0;0;0;0;
522;LUKE;;Your overconfidence is your weakness.;90 INT DEATH STAR - EMPEROR'S THRONE ROOM;5;0;0;0;0;0;0;0;0;0;
523;EMPEROR;;Your faith in your friends is yours.;90 INT DEATH STAR - EMPEROR'S THRONE ROOM;7;0;0;0;0;0;0;0;0;0;
524;DARTH VADER;;It is pointless to resist, my son.;90 INT DEATH STAR - EMPEROR'S THRONE ROOM;7;0;0;0;0;0;0;0;0;0;
525;EMPEROR;;(angry) Everything that has transpired has done so according to my design. (indicates Endor) Your friends up there on the Sanctuary Moon...;90 INT DEATH STAR - EMPEROR'S THRONE ROOM;8;0;0;0;0;0;0;0;0;0;
526;EMPEROR;;(cont) ...are walking into a trap. As is your Rebel fleet! It was I who allowed the Alliance to know the location of the shield generator. It is quite safe from your pitiful little band. An entire legion of my best troops awaits them.;90 INT DEATH STAR - EMPEROR'S THRONE ROOM;43;0;0;0;0;0;0;0;0;0;
527;EMPEROR;;Oh...I'm afraid the deflector shield will be quite operational when your friends arrive.;90 INT DEATH STAR - EMPEROR'S THRONE ROOM;14;0;0;0;0;0;0;0;0;0;
528;HAN;;All right! Up! Move! Come on! Quickly! Quickly, Chewie.;91 INT BUNKER - MAIN CONTROL ROOM;9;0;0;0;0;0;0;0;0;0;
529;LEIA;;Han! Hurry! The fleet will be here any moment.;91 INT BUNKER - MAIN CONTROL ROOM;9;0;0;0;0;0;0;0;0;0;
530;HAN;;Charges! Come on, come on!;91 INT BUNKER - MAIN CONTROL ROOM;5;0;0;0;0;0;0;0;0;0;
531;THREEPIO;;(to Wicket) Oh, my! They'll be captured!;91 INT BUNKER - MAIN CONTROL ROOM;5;0;0;0;0;0;0;0;0;0;
532;THREEPIO;;Wa-wait! Wait, come back! Artoo, stay with me.;91 INT BUNKER - MAIN CONTROL ROOM;8;0;0;0;0;0;0;0;0;0;
533;COMMANDER;;Freeze! You Rebel scum.;91 INT BUNKER - MAIN CONTROL ROOM;4;0;0;0;0;0;0;0;0;0;
534;LANDO;;All wings report in.;93 INT MILLENNIUM FALCON - COCKPIT;4;0;0;0;0;0;0;0;0;0;
535;WEDGE;;Red Leader standing by.;93 INT MILLENNIUM FALCON - COCKPIT;4;0;0;0;0;0;0;0;0;0;
536;GRAY LEADER;;Gray Leader standing by.;93 INT MILLENNIUM FALCON - COCKPIT;4;0;0;0;0;0;0;0;0;0;
537;GREEN LEADER;;Green Leader standing by.;93 INT MILLENNIUM FALCON - COCKPIT;4;0;0;0;0;0;0;0;0;0;
538;WEDGE;;Lock S-foils in attack positions.;93 INT MILLENNIUM FALCON - COCKPIT;5;0;0;0;0;0;0;0;0;0;
539;ACKBAR;;May the Force be with us.;94 INT REBEL STAR CRUISER - BRIDGE;6;0;0;0;0;0;0;0;0;0;
540;LANDO;;We've got to be able to get some kind of a reading on that shield, up or down. Well, how could they be jamming us if they don't know if we're coming.;95 INT MILLENNIUM FALCON - COCKPIT;32;0;0;0;0;0;0;0;0;0;
541;LANDO;;Break off the attack! The shield is still up.;95 INT MILLENNIUM FALCON - COCKPIT;9;0;0;0;0;0;0;0;0;0;
542;RED LEADER;;(VO) I get no reading. Are you sure?;95 INT MILLENNIUM FALCON - COCKPIT;7;0;0;0;0;0;0;0;0;0;
543;LANDO;;Pull up! All craft pull up!;95 INT MILLENNIUM FALCON - COCKPIT;6;0;0;0;0;0;0;0;0;0;
544;ACKBAR;;Take evasive action! Green Group, stick close to holding sector MV-7.;97 INT REBEL STAR CRUISER - BRIDGE;11;0;0;0;0;0;0;0;0;0;
545;CONTROLLER;;Admiral, we have enemy ships in sector 47.;97 INT REBEL STAR CRUISER - BRIDGE;8;0;0;0;0;0;0;0;0;0;
546;ACKBAR;;It's a trap!;97 INT REBEL STAR CRUISER - BRIDGE;3;0;0;0;0;0;0;0;0;0;
547;LANDO;;(over comlink) Fighters coming in.;97 INT REBEL STAR CRUISER - BRIDGE;3;0;0;0;0;0;0;0;0;0;
548;REBEL PILOT;;There's too many of them!;97 INT REBEL STAR CRUISER - BRIDGE;5;0;0;0;0;0;0;0;0;0;
549;LANDO;;Accelerate to attack speed! Draw their fire away from the cruisers.;97 INT REBEL STAR CRUISER - BRIDGE;11;0;0;0;0;0;0;0;0;0;
550;WEDGE;;Copy, Gold Leader.;97 INT REBEL STAR CRUISER - BRIDGE;3;0;0;0;0;0;0;0;0;0;
551;EMPEROR;;Come, boy. See for yourself.;98 INT DEATH STAR - EMPEROR'S THRONE ROOM;5;0;0;0;0;0;0;0;0;0;
552;EMPEROR;;From here you will witness the final destruction of the Alliance, and the end of your insignificant Rebellion.;98 INT DEATH STAR - EMPEROR'S THRONE ROOM;18;0;0;0;0;0;0;0;0;0;
553;EMPEROR;;You want this, don't you? The hate is swelling in you now. Take your Jedi weapon. Use it. I am unarmed. Strike me down with it. Give in to your anger. With each passing moment, you make yourself more my servant.;98 INT DEATH STAR - EMPEROR'S THRONE ROOM;41;0;0;0;0;0;0;0;0;0;
554;LUKE;;No!;98 INT DEATH STAR - EMPEROR'S THRONE ROOM;1;0;0;0;0;0;0;0;0;0;
555;EMPEROR;;It is unavoidable. It is your destiny. You, like your father, are now mine!;98 INT DEATH STAR - EMPEROR'S THRONE ROOM;14;0;0;0;0;0;0;0;0;0;
556;STORMTROOPER;;All right, move it! I said move it! Go on!;99 EXT FOREST - GENERATOR BUNKER;10;0;0;0;0;0;0;0;0;0;
557;THREEPIO;;Hello! I say, over there! Were you looking for me?;99 EXT FOREST - GENERATOR BUNKER;10;0;0;0;0;0;0;0;0;0;
558;BUNKER COMMANDER;;Bring those two down here!;99 EXT FOREST - GENERATOR BUNKER;5;0;0;0;0;0;0;0;0;0;
559;STORMTROOPER;;Let's go!;99 EXT FOREST - GENERATOR BUNKER;2;0;0;0;0;0;0;0;0;0;
560;THREEPIO;;Well, they're on their way. Artoo, are you sure this was a good idea?;99 EXT FOREST - GENERATOR BUNKER;14;0;0;0;0;0;0;0;0;0;
561;STORMTROOPER;;Freeze! Don't move!;99 EXT FOREST - GENERATOR BUNKER;3;0;0;0;0;0;0;0;0;0;
562;THREEPIO;;We surrender.;99 EXT FOREST - GENERATOR BUNKER;2;0;0;0;0;0;0;0;0;0;
563;THREEPIO;;Ohhh! Stand back, Artoo.;99 EXT FOREST - GENERATOR BUNKER;4;0;0;0;0;0;0;0;0;0;
564;LEIA;;The code's changed. We need Artoo!;99 EXT FOREST - GENERATOR BUNKER;6;0;0;0;0;0;0;0;0;0;
565;HAN;;Here's the terminal.;99 EXT FOREST - GENERATOR BUNKER;3;0;0;0;0;0;0;0;0;0;
566;LEIA;;(into comlink) Artoo, where are you? We need you at the bunker right away.;99 EXT FOREST - GENERATOR BUNKER;12;0;0;0;0;0;0;0;0;0;
567;THREEPIO;;Going? What do you mean, you're going. But-- but going where, Artoo? No, what! Artoo! Oh, this is no time for heroics. Come back!;99 EXT FOREST - GENERATOR BUNKER;24;0;0;0;0;0;0;0;0;0;
568;LANDO;;Watch yourself, Wedge! Three from above!;101 INT MILLENNIUM FALCON - COCKPIT;6;0;0;0;0;0;0;0;0;0;
569;WEDGE;;Red Three, Red Two, pull in!;101 INT MILLENNIUM FALCON - COCKPIT;6;0;0;0;0;0;0;0;0;0;
570;RED TWO;;Got it!;101 INT MILLENNIUM FALCON - COCKPIT;2;0;0;0;0;0;0;0;0;0;
571;RED THREE;;Three of them coming in, twenty degrees!;101 INT MILLENNIUM FALCON - COCKPIT;7;0;0;0;0;0;0;0;0;0;
572;WEDGE;;Cut to the left! I'll take the leader! They're heading for the medical frigate.;101 INT MILLENNIUM FALCON - COCKPIT;14;0;0;0;0;0;0;0;0;0;
573;NAVIGATOR;;Pressure's steady.;101 INT MILLENNIUM FALCON - COCKPIT;2;0;0;0;0;0;0;0;0;0;
574;LANDO;;Only the fighters are attacking. I wonder what those Star Destroyers are waiting for.;101 INT MILLENNIUM FALCON - COCKPIT;14;0;0;0;0;0;0;0;0;0;
575;COMMANDER;;We're in attack position now, sir.;103 INT SUPER STAR DESTROYER - BRIDGE;6;0;0;0;0;0;0;0;0;0;
576;PIETT;;Hold here.;103 INT SUPER STAR DESTROYER - BRIDGE;2;0;0;0;0;0;0;0;0;0;
577;COMMANDER;;We're not going to attack?;103 INT SUPER STAR DESTROYER - BRIDGE;5;0;0;0;0;0;0;0;0;0;
578;PIETT;;I have my orders from the Emperor himself. He has something special planned for them. We only need to keep them from escaping.;103 INT SUPER STAR DESTROYER - BRIDGE;23;0;0;0;0;0;0;0;0;0;
579;EMPEROR;;As you can see, my young apprentice, your friends have failed. Now witness the firepower of this fully armed and operational battle station. (into comlink) Fire at will, Commander.;104 INT EMPEROR'S TOWER - THRONE ROOM;27;0;0;0;0;0;0;0;0;0;
580;JERJERROD;;Fire!;105 INT DEATH STAR - CONTROL ROOM;1;0;0;0;0;0;0;0;0;0;
581;LANDO;;That blast came from the Death Star! That thing's operational! (into comlink) Home One, this is Gold Leader.;109 INT MILLENNIUM FALCON - COCKPIT;16;0;0;0;0;0;0;0;0;0;
582;ACKBAR;;We saw it. All craft prepare to retreat.;110 INT REBEL STAR CRUISER - BRIDGE;8;0;0;0;0;0;0;0;0;0;
583;LANDO;;You won't get another chance at this, Admiral.;110 INT REBEL STAR CRUISER - BRIDGE;8;0;0;0;0;0;0;0;0;0;
584;ACKBAR;;We have no choice, General Calrissian. Our cruisers can't repel firepower of that magnitude.;110 INT REBEL STAR CRUISER - BRIDGE;14;0;0;0;0;0;0;0;0;0;
585;LANDO;;Han will have that shield down. We've got to give him more time.;110 INT REBEL STAR CRUISER - BRIDGE;13;0;0;0;0;0;0;0;0;0;
586;THREEPIO;;We're coming!;111 EXT FOREST - GENERATOR BUNKER;2;0;0;0;0;0;0;0;0;0;
587;HAN;;Come on! Come on!;111 EXT FOREST - GENERATOR BUNKER;4;0;0;0;0;0;0;0;0;0;
588;THREEPIO;;Oh, Artoo, hurry!;111 EXT FOREST - GENERATOR BUNKER;3;0;0;0;0;0;0;0;0;0;
589;THREEPIO;;My goodness! Artoo, why did you have to be so brave?;111 EXT FOREST - GENERATOR BUNKER;11;0;0;0;0;0;0;0;0;0;
590;HAN;;Well, I suppose I could hotwire this thing.;111 EXT FOREST - GENERATOR BUNKER;8;0;0;0;0;0;0;0;0;0;
591;LEIA;;I'll cover you.;111 EXT FOREST - GENERATOR BUNKER;3;0;0;0;0;0;0;0;0;0;
592;LANDO;;(desperately) Yes! I said closer! Move as close as you can and engage those Star Destroyers at point- blank range.;113 INT MILLENNIUM FALCON - COCKPIT;19;0;0;0;0;0;0;0;0;0;
593;ACKBAR;;At that close range, we won't last long against those Star Destroyers.;113 INT MILLENNIUM FALCON - COCKPIT;12;0;0;0;0;0;0;0;0;0;
594;LANDO;;We'll last longer then we will against that Death Star...and we might just take a few of them with us.;113 INT MILLENNIUM FALCON - COCKPIT;21;0;0;0;0;0;0;0;0;0;
595;REBEL PILOT;;She's gonna blow!;113 INT MILLENNIUM FALCON - COCKPIT;3;0;0;0;0;0;0;0;0;0;
596;Y-WING PILOT;;I'm hit!;113 INT MILLENNIUM FALCON - COCKPIT;2;0;0;0;0;0;0;0;0;0;
597;EMPEROR;;Your fleet has lost. And your friends on the Endor moon will not survive. There is no escape, my young apprentice. The Alliance will die...as will your friends.;114 INT EMPEROR'S TOWER - THRONE ROOM;29;0;0;0;0;0;0;0;0;0;
598;EMPEROR;;Good. I can feel your anger. I am defenseless. Take your weapon! Strike me down with all your hatred, and your journey towards the dark side will be complete.;114 INT EMPEROR'S TOWER - THRONE ROOM;29;0;0;0;0;0;0;0;0;0;
599;WALKER PILOT #1;;Look!;114 INT EMPEROR'S TOWER - THRONE ROOM;1;0;0;0;0;0;0;0;0;0;
600;PILOT #2;;Get him off of there!;114 INT EMPEROR'S TOWER - THRONE ROOM;5;0;0;0;0;0;0;0;0;0;
601;HAN;;I think I got it. I got it!;116 EXT FOREST - GENERATOR BUNKER;8;0;0;0;0;0;0;0;0;0;
602;THREEPIO;;Oh, Princess Leia, are you all right?;116 EXT FOREST - GENERATOR BUNKER;7;0;0;0;0;0;0;0;0;0;
603;HAN;;Let's see.;116 EXT FOREST - GENERATOR BUNKER;2;0;0;0;0;0;0;0;0;0;
604;LEIA;;It's not bad.;116 EXT FOREST - GENERATOR BUNKER;3;0;0;0;0;0;0;0;0;0;
605;STORMTROOPER;;(OS) Freeze!;116 EXT FOREST - GENERATOR BUNKER;1;0;0;0;0;0;0;0;0;0;
606;THREEPIO;;Oh, dear.;116 EXT FOREST - GENERATOR BUNKER;2;0;0;0;0;0;0;0;0;0;
607;STORMTROOPER;;Don't move!;116 EXT FOREST - GENERATOR BUNKER;2;0;0;0;0;0;0;0;0;0;
608;HAN;;I love you.;116 EXT FOREST - GENERATOR BUNKER;3;0;0;0;0;0;0;0;0;0;
609;LEIA;;I know.;116 EXT FOREST - GENERATOR BUNKER;2;0;0;0;0;0;0;0;0;0;
610;STORMTROOPER;;Hands up! Stand up!;116 EXT FOREST - GENERATOR BUNKER;4;0;0;0;0;0;0;0;0;0;
611;HAN;;(to Leia) Stay back.;116 EXT FOREST - GENERATOR BUNKER;2;0;0;0;0;0;0;0;0;0;
612;HAN;;Chewie! Get down here! She's wounded! No, wait.... I got an idea.;116 EXT FOREST - GENERATOR BUNKER;12;0;0;0;0;0;0;0;0;0;
613;EMPEROR;;(laughing) Good. Use your aggressive feelings, boy! Let the hate flow through you.;117 INT EMPEROR'S TOWER - THRONE ROOM;12;0;0;0;0;0;0;0;0;0;
614;DARTH VADER;;Obi-Wan has taught you well.;117 INT EMPEROR'S TOWER - THRONE ROOM;5;0;0;0;0;0;0;0;0;0;
615;LUKE;;I will not fight you, father.;117 INT EMPEROR'S TOWER - THRONE ROOM;6;0;0;0;0;0;0;0;0;0;
616;DARTH VADER;;You are unwise to lower your defenses.;117 INT EMPEROR'S TOWER - THRONE ROOM;7;0;0;0;0;0;0;0;0;0;
617;LUKE;;Your thoughts betray you, father. I feel the good in you...the conflict.;117 INT EMPEROR'S TOWER - THRONE ROOM;13;0;0;0;0;0;0;0;0;0;
618;DARTH VADER;;There is no conflict.;117 INT EMPEROR'S TOWER - THRONE ROOM;4;0;0;0;0;0;0;0;0;0;
619;LUKE;;You couldn't bring yourself to kill me before, and I don't believe you'll destroy me now.;117 INT EMPEROR'S TOWER - THRONE ROOM;16;0;0;0;0;0;0;0;0;0;
620;DARTH VADER;;You underestimate the power of the dark side. If you will not fight, then you will meet your destiny.;117 INT EMPEROR'S TOWER - THRONE ROOM;19;0;0;0;0;0;0;0;0;0;
621;EMPEROR;;(laughs) Good. Good.;117 INT EMPEROR'S TOWER - THRONE ROOM;2;0;0;0;0;0;0;0;0;0;
622;LANDO;;Watch out. Squad at .06.;118 EXT SPACE - AIR BATTLE;5;0;0;0;0;0;0;0;0;0;
623;REBEL PILOT;;I'm on it, Gold Leader.;118 EXT SPACE - AIR BATTLE;5;0;0;0;0;0;0;0;0;0;
624;WEDGE;;Good shot, Red Two.;118 EXT SPACE - AIR BATTLE;4;0;0;0;0;0;0;0;0;0;
625;LANDO;;Now...come on, Han, old buddy. Don't let me down.;118 EXT SPACE - AIR BATTLE;10;0;0;0;0;0;0;0;0;0;
626;HAN/PILOT;;(VO) It's over, Commander. The Rebels have been routed. They're fleeing into the woods. We need reinforcements to continue the pursuit.;119 INT BUNKER - CONTROL ROOM;20;0;0;0;0;0;0;0;0;0;
627;CONTROL ROOM COMMANDER;;Send three squads to help. Open the back door.;119 INT BUNKER - CONTROL ROOM;9;0;0;0;0;0;0;0;0;0;
628;SECOND COMMANDER;;Yes, sir.;119 INT BUNKER - CONTROL ROOM;2;0;0;0;0;0;0;0;0;0;
629;HAN;;Throw me another charge.;121 INT BUNKER - CONTROL ROOM;4;0;0;0;0;0;0;0;0;0;
630;DARTH VADER;;You cannot hide forever, Luke.;122 INT EMPEROR'S TOWER - THRONE ROOM;5;0;0;0;0;0;0;0;0;0;
631;LUKE;;I will not fight you.;122 INT EMPEROR'S TOWER - THRONE ROOM;5;0;0;0;0;0;0;0;0;0;
632;DARTH VADER;;Give yourself to the dark side. It is the only way you can save your friends. Yes, your thoughts betray you. Your feelings for them are strong. Especially for...;122 INT EMPEROR'S TOWER - THRONE ROOM;29;0;0;0;0;0;0;0;0;0;
633;DARTH VADER;;Sister! So...you have a twin sister. Your feelings have now betrayed her, too. Obi-Wan was wise to hide her from me. Now his failure is complete. If you will not turn to the dark side, then perhaps she will.;122 INT EMPEROR'S TOWER - THRONE ROOM;40;0;0;0;0;0;0;0;0;0;
634;LUKE;;Never-r-r!;122 INT EMPEROR'S TOWER - THRONE ROOM;1;0;0;0;0;0;0;0;0;0;
635;EMPEROR;;Good! Your hate has made you powerful. Now, fulfill your destiny and take your father's place at my side!;122 INT EMPEROR'S TOWER - THRONE ROOM;19;0;0;0;0;0;0;0;0;0;
636;LUKE;;Never! I'll never turn to the dark side. You've failed, Your Highness. I am a Jedi, like my father before me.;122 INT EMPEROR'S TOWER - THRONE ROOM;21;0;0;0;0;0;0;0;0;0;
637;EMPEROR;;So be it...Jedi.;122 INT EMPEROR'S TOWER - THRONE ROOM;4;0;0;0;0;0;0;0;0;0;
638;HAN;;Move! Move!;123 EXT FOREST - GENERATOR BUNKER;2;0;0;0;0;0;0;0;0;0;
639;ACKBAR;;The shield is down! Commence attack on theDeath Star's main reactor.;124 INT REBEL STAR CRUISER - BRIDGE;11;0;0;0;0;0;0;0;0;0;
640;LANDO;;We're on our way. Red Group, Gold Group, all fighters follow me. (laughs) Told you they'd do it!;124 INT REBEL STAR CRUISER - BRIDGE;17;0;0;0;0;0;0;0;0;0;
641;EMPEROR;;If you will not be turned, you will be destroyed.;125 INT EMPEROR'S TOWER - THRONE ROOM;10;0;0;0;0;0;0;0;0;0;
642;EMPEROR;;Young fool...only now, at the end, do you understand.;125 INT EMPEROR'S TOWER - THRONE ROOM;10;0;0;0;0;0;0;0;0;0;
643;EMPEROR;;Your feeble skills are no match for the power of the dark side. You have paid the price for your lack of vision.;125 INT EMPEROR'S TOWER - THRONE ROOM;23;0;0;0;0;0;0;0;0;0;
644;LUKE;;(groans) Father, please. Help me.;125 INT EMPEROR'S TOWER - THRONE ROOM;4;0;0;0;0;0;0;0;0;0;
645;EMPEROR;;Now, young Skywalker...you will die.;125 INT EMPEROR'S TOWER - THRONE ROOM;6;0;0;0;0;0;0;0;0;0;
646;WEDGE;;I'm going in.;126 EXT/INT - SPACE BATTLE - FIGHTER AND DEATH STAR;3;0;0;0;0;0;0;0;0;0;
647;LANDO;;Here goes nothing.;126 EXT/INT - SPACE BATTLE - FIGHTER AND DEATH STAR;3;0;0;0;0;0;0;0;0;0;
648;LANDO;;Now lock onto the strongest power source. It should be the power generator.;126 EXT/INT - SPACE BATTLE - FIGHTER AND DEATH STAR;13;0;0;0;0;0;0;0;0;0;
649;WEDGE;;Form up. And stay alert. We could run out of space real fast.;126 EXT/INT - SPACE BATTLE - FIGHTER AND DEATH STAR;13;0;0;0;0;0;0;0;0;0;
650;LANDO;;Split up and head back to the surface. See if you can get a few of those TIE fighters to follow you.;126 EXT/INT - SPACE BATTLE - FIGHTER AND DEATH STAR;22;0;0;0;0;0;0;0;0;0;
651;PILOT;;Copy, Gold Leader.;126 EXT/INT - SPACE BATTLE - FIGHTER AND DEATH STAR;3;0;0;0;0;0;0;0;0;0;
652;LANDO;;That was too close.;126 EXT/INT - SPACE BATTLE - FIGHTER AND DEATH STAR;4;0;0;0;0;0;0;0;0;0;
653;ACKBAR;;We've got to give those fighters more time. Concentrate all fire on that Super Star Destroyer.;127 INT REBEL STAR CRUISER - BRIDGE;16;0;0;0;0;0;0;0;0;0;
654;CONTROLLER;;Sir, we've lost our bridge deflector shield.;128 INT VADER'S STAR DESTROYER - BRIDGE;7;0;0;0;0;0;0;0;0;0;
655;PIETT;;Intensify the forward batteries. I don't want anything to get through.;128 INT VADER'S STAR DESTROYER - BRIDGE;11;0;0;0;0;0;0;0;0;0;
656;PIETT;;Intensify forward firepower!;128 INT VADER'S STAR DESTROYER - BRIDGE;3;0;0;0;0;0;0;0;0;0;
657;COMMANDER;;It's too late!;128 INT VADER'S STAR DESTROYER - BRIDGE;3;0;0;0;0;0;0;0;0;0;
658;DARTH VADER;;(a whisper) Luke, help me take this mask off.;130 INT DEATH STAR - MAIN DOCKING BAY;7;0;0;0;0;0;0;0;0;0;
659;LUKE;;But you'll die.;130 INT DEATH STAR - MAIN DOCKING BAY;3;0;0;0;0;0;0;0;0;0;
660;DARTH VADER;;Nothing can stop that now. Just for once... let me look on you with my own eyes.;130 INT DEATH STAR - MAIN DOCKING BAY;17;0;0;0;0;0;0;0;0;0;
661;ANAKIN;;(very weak) Now...go, my son. Leave me.;130 INT DEATH STAR - MAIN DOCKING BAY;6;0;0;0;0;0;0;0;0;0;
662;LUKE;;No. You're coming with me. I can't leave you here. I've got to save you.;130 INT DEATH STAR - MAIN DOCKING BAY;15;0;0;0;0;0;0;0;0;0;
663;ANAKIN;;You already have, Luke. You were right about me. Tell your sister...you were right.;130 INT DEATH STAR - MAIN DOCKING BAY;15;0;0;0;0;0;0;0;0;0;
664;LUKE;;Father...I won't leave you.;130 INT DEATH STAR - MAIN DOCKING BAY;5;0;0;0;0;0;0;0;0;0;
665;WEDGE;;There it is!;132 INT MILLENNIUM FALCON - COCKPIT AND GUN PORTS;3;0;0;0;0;0;0;0;0;0;
666;LANDO;;All right, Wedge. Go for the power regulator on the north tower.;132 INT MILLENNIUM FALCON - COCKPIT AND GUN PORTS;12;0;0;0;0;0;0;0;0;0;
667;WEDGE;;Copy, Gold Leader. I'm already on my way out.;132 INT MILLENNIUM FALCON - COCKPIT AND GUN PORTS;9;0;0;0;0;0;0;0;0;0;
668;ACKBAR;;Move the fleet away from the Death Star.;133 INT REBEL STAR CRUISER - BRIDGE;8;0;0;0;0;0;0;0;0;0;
669;THREEPIO;;They did it!;136 EXT ENDOR FOREST;3;0;0;0;0;0;0;0;0;0;
670;HAN;;I'm sure Luke wasn't on that thing when it blew.;136 EXT ENDOR FOREST;10;0;0;0;0;0;0;0;0;0;
671;LEIA;;He wasn't. I can feel it.;136 EXT ENDOR FOREST;6;0;0;0;0;0;0;0;0;0;
672;HAN;;You love him, don't you?;136 EXT ENDOR FOREST;5;0;0;0;0;0;0;0;0;0;
673;LEIA;;Yes.;136 EXT ENDOR FOREST;1;0;0;0;0;0;0;0;0;0;
674;HAN;;All right. I understand. Fine. When he comes back, I won't get in the way.;136 EXT ENDOR FOREST;15;0;0;0;0;0;0;0;0;0;
675;LEIA;;Oh. No, it's not like that at all. He's my brother.;136 EXT ENDOR FOREST;11;0;0;0;0;0;0;0;0;0;